"Agency","federal_account_code","Account_Name","Percent_Outlaid","Percent_Obligated_Not_Outlaid","Percent_Unobligated","Amount_Outlaid","Amount_Obligated","Amount_Unobligated","Total_Budgetary_Resources","Loan_Program_Account"
"Agency for International Dev.","072-1035","International Disaster Assistance, Funds Appropriated to the President, US Agency for International Development",0,5.4,94.6,0,29912174,528087826,558000000,"No"
"Agency for International Dev.","019-1031","Global Health Programs, State",2.3,36.3,61.4,9883447.31,167900000,267100000,435000000,"No"
"Agency for International Dev.","072-1037","Economic Support Fund, Funds Appropriated to the President",0,42.3,57.7,5091.7,102001543,138998457,241000000,"No"
"Agency for International Dev.","072-1000","Operating Expenses of the United States Agency for International Development, Funds Appropriated to the President",1.5,12.9,85.6,1523821.39,14660280.36,87339719.64,102000000,"No"
"Agency for International Dev.","072-1007","Operating Expenses of the United States Agency for International Development, Office of Inspector General, Funds Appropriated to the President",0,0,100,0,0,1000000,1000000,"No"
"Dept. of Agriculture","012-3505","Supplemental Nutrition Assistance Program, Food and Nutrition Service, Agriculture",0,1.2,98.8,589251,300000000,24468371642,24768371642,"No"
"Dept. of Agriculture","012-0115","Processing, Research and Marketing, Office of the Secretary, Agriculture",0,7,93,6775874.08,1334796379.88,17665203620.12,19000000000,"No"
"Dept. of Agriculture","012-3539","Child Nutrition Programs, Food and Nutrition Service",12.2,67.8,20,1069057658.15,7038590002.62,1761409997.38,8800000000,"No"
"Dept. of Agriculture","012-3507","Commodity Assistance Program, Food and Nutrition Service, Agriculture",1.6,32.2,66.2,13836443.11,287674747.98,562325252.02,850000000,"No"
"Dept. of Agriculture","012-3510","Special Supplemental Nutrition Program for Women, Infants and Children (WIC), Food and Nutrition Service",0,0,100,0,0,500000000,500000000,"No"
"Dept. of Agriculture","012-1232","Distance Learning, Telemedicine and Broadband Program, Rural Utilities Service, Agriculture",3,0,97,3750000,3750000,121250000,125000000,"Yes"
"Dept. of Agriculture","012-1600","Salaries and Expenses, Animal and Plant Health Inspection Service, Agriculture",8.9,0,91.1,4889831.57,4889831.57,50110168.43,55000000,"No"
"Dept. of Agriculture","012-2500","Marketing Services, Agricultural Marketing Service, Agriculture",0,0,100,1853.54,1883.54,44998116.46,45000000,"No"
"Dept. of Agriculture","012-1106","National Forest System, Forest Service, Agriculture",0.7,5.8,93.5,229897.05,2212243.29,31787756.71,34000000,"No"
"Dept. of Agriculture","012-3700","Food Safety and Inspection Service, Agriculture",5.8,10.6,83.6,1934747.83,5423285.11,27576714.89,33000000,"No"
"Dept. of Agriculture","012-1103","Capital Improvement and Maintenance, Forest Service, Agriculture",0.7,0.2,99.1,188247.34,249977.1,26550022.9,26800000,"No"
"Dept. of Agriculture","012-1902","Rural Business Program Account, Rural Business-Cooperative Service, Agriculture",3,0,97,615000,615000,19885000,20500000,"Yes"
"Dept. of Agriculture","012-1115","Wildland Fire Management, Forest Service, Agriculture ",4.1,30.2,65.7,287178.52,2404335.23,4595664.77,7000000,"No"
"Dept. of Agriculture","012-2900","Salaries and Expenses, Foreign Agricultural Service, Agriculture",0,5.6,94.4,0,225800,3774200,4000000,"No"
"Dept. of Agriculture","012-0600","Salaries and Expenses, Farm Service Agency, Agriculture",0.1,0,99.9,1850.78,1850.78,2998149.22,3000000,"No"
"Dept. of Agriculture","012-1104","Forest and Rangeland Research, Forest Service, Agriculture",0,0,100,0,0,3000000,3000000,"No"
"Dept. of Agriculture","012-0900","Office of the Inspector General, Agriculture",0,0,100,0,0,750000,750000,"No"
"Dept. of Commerce","013-2050","Economic Development Assistance Programs, Economic Development Administration, Commerce",0,0.3,99.7,0,5200000,1481800000,1487000000,"Yes"
"Dept. of Commerce","013-2055","Fishery Disaster Assistance, National Oceanic and Atmospheric Administration, Commerce",0,0,100,0,0,299700000,299700000,"No"
"Dept. of Commerce","013-0525","Industrial Technology Services, National Institute of Standards and Technology, Commerce",0.2,44.6,55.2,135629.39,26872301.07,33127698.93,60000000,"No"
"Dept. of Commerce","013-1450","Operations, Research and Facilities, National Oceanic and Atmospheric Administration, Commerce",0.2,7,92.8,33399.05,1450669.04,18849330.96,20300000,"No"
"Dept. of Commerce","013-0125","Salaries and Expenses, Economic Development Administration, Commerce",0.2,9,90.8,17458.75,920914.18,9079085.82,10000000,"No"
"Dept. of Commerce","013-0201","Minority Business Development, Minority Business Development Agency, Commerce",0,10.4,89.6,0,1037036,8962964,10000000,"No"
"Dept. of Commerce","013-0500","Scientific and Technical Research and Services, National Institute of Standards and Technology, Commerce ",2.5,1.6,95.9,148752.37,246709.31,5753290.69,6000000,"No"
"Dept. of Commerce","013-0126","Office of Inspector General, Departmental Management, Commerce",0.2,0.4,99.4,7030.86,17577.2,2982422.8,3000000,"No"
"Dept. of Defense","097-0130","Defense Health Program, Defense",0.8,4.4,94.8,39664683.46,254081732.68,4616018267.32,4870100000,"No"
"Dept. of Defense","097-4930","Defense Working Capital Fund, Defense Agencies",0,0,100,0,0,1452800000,1452800000,"No"
"Dept. of Defense","097-0360","Defense Production Act Purchases, Defense",0,9,91,0,89894517,910105483,1000000000,"No"
"Dept. of Defense","021-2060","National Guard Personnel, Army",0.3,0.2,99.5,2552901.99,4007070.29,742583929.71,746591000,"No"
"Dept. of Defense","097-0100","Operation and Maintenance, Defense-Wide, Defense",0,0,100,0,0,687800000,687800000,"No"
"Dept. of Defense","057-3850","National Guard Personnel, Air Force",0,0.1,99.9,595.42,306893.95,481818106.05,482125000,"No"
"Dept. of Defense","017-1804","Operation and Maintenance, Navy",1.2,22.5,76.3,4242776.38,85251797.93,275056202.07,360308000,"No"
"Dept. of Defense","021-2020","Operation and Maintenance, Army",2.4,72.1,25.5,5126618.28,157303537.28,53911462.72,211215000,"No"
"Dept. of Defense","057-3400","Operation and Maintenance, Air Force",6.8,23.7,69.5,13064956.26,58502739.54,132968260.46,191471000,"No"
"Dept. of Defense","021-2065","Operation and Maintenance, Army National Guard",0.1,9.1,90.8,234916.28,17144412.92,169551587.08,186696000,"No"
"Dept. of Defense","097-0400","Research, Development, Test, and Evaluation, Defense-Wide",0,0,100,0,0,119826000,119826000,"No"
"Dept. of Defense","017-1106","Operation and Maintenance, Marine Corps",2,20.6,77.4,1836565.05,20335243.64,69664756.36,90000000,"No"
"Dept. of Defense","057-3840","Operation and Maintenance, Air National Guard",0,0.4,99.6,36395.85,318716.87,75435283.13,75754000,"No"
"Dept. of Defense","021-2080","Operation and Maintenance, Army Reserve",0,16.4,83.6,0,7885351.92,40114648.08,48000000,"No"
"Dept. of Defense","057-3080","Other Procurement, Air Force",0,1.7,98.3,278.04,554970.36,31528029.64,32083000,"No"
"Dept. of Defense","097-0107","Office of the Inspector General, Defense",0,0,100,0,0,20000000,20000000,"No"
"Dept. of Defense","021-2035","Other Procurement, Army",0,0,100,0,0,8800000,8800000,"No"
"Dept. of Defense","097-0300","Procurement, Defense-Wide",0,0,100,0,0,2105000,2105000,"No"
"Dept. of Education","091-0251","Education Stabilization Fund, Department of Education",14.9,73.2,11.9,4554949376.98,26943982423,3652267577,30596250000,"No"
"Dept. of Education","091-0203","Safe Schools and Citizenship Education,  Education",0,0,100,0,0,100000000,100000000,"No"
"Dept. of Education","091-0202","Student and Administration, Education",1.6,30.1,68.3,632987.8,12693956.01,27306043.99,40000000,"No"
"Dept. of Education","091-0603","Howard University, Education",100,0,0,13000000,13000000,0,13000000,"No"
"Dept. of Education","091-0800","Program Administration, Departmental Management, Education",0.4,2,97.6,33594,194387.59,7805612.41,8000000,"No"
"Dept. of Education","091-0602","Gallaudet University, Special Institutions for Persons with Disabilities, Education",0,100,0,0,7000000,0,7000000,"No"
"Dept. of Education","091-1400","Office of the Inspector General, Departmental Management, Education",0,0,100,0,0,7000000,7000000,"No"
"Dept. of Energy","089-0222","Science, Energy Programs, Energy",11.4,68.5,20.1,11396101.63,79527287.58,19972712.42,99500000,"No"
"Dept. of Energy","089-0228","Departmental Administration, Energy Programs, Energy",4.1,31.9,64,1142737.17,10087871.99,17912128.01,28000000,"No"
"Dept. of Homeland Security","070-0702","Disaster Relief Fund, Federal Emergency Management Agency, Homeland Security",0,0,100,0,0,44997000000,44997000000,"No"
"Dept. of Homeland Security","070-0413","Federal Assistance, Federal Emergency Management Agency, Homeland Security",0,74.5,25.5,0,298032637,101967363,400000000,"No"
"Dept. of Homeland Security","070-0530","Operations and Support, U.S. Customs and Border Protection, Homeland Security",0,0,100,0,0,182000000,182000000,"No"
"Dept. of Homeland Security","070-0112","Operations and Support, Management Directorate, Departmental Management, Operations, Intelligence, and Oversight, Homeland Security",0,13.1,86.9,0,23319017.22,154980982.78,178300000,"No"
"Dept. of Homeland Security","070-0610","Operations and Support, Coast Guard, Homeland Security ",0.3,3.8,95.9,363507.1,5752544.4,135047455.6,140800000,"No"
"Dept. of Homeland Security","070-0550","Operations and Support, Transportation Security Administration, Homeland Security",0.4,0.1,99.5,433786.83,499226.98,99500773.02,100000000,"No"
"Dept. of Homeland Security","070-0700","Operations and Support, Federal Emergency Management Agency, Homeland Security",0.3,2.9,96.8,142763.18,1444987.29,43542012.71,44987000,"No"
"Dept. of Homeland Security","070-0566","Operations and Support, National Protection and Programs Directorate, Homeland Security",0,43.7,56.3,0,3972531.18,5127468.82,9100000,"No"
"Dept. of Homeland Security","070-0200","Operations and Support, Office of Inspector General, Homeland Security",0,0,100,0,0,3000000,3000000,"No"
"Dept. of Justice","015-0404","State and Local Law Enforcement Assistance, Office of Justice Programs, Office of Justice Programs, Justice",25.5,56.2,18.3,217108074.02,694702660,155297340,850000000,"No"
"Dept. of Justice","015-0200","Salaries and Expenses, Federal Bureau of Investigation, Justice",0,16.4,83.6,1955.76,3281840.96,16718159.04,20000000,"No"
"Dept. of Justice","015-0324","Salaries and Expenses, United States Marshals Service, Justice",4.7,17.6,77.7,705251.15,3342260.61,11657739.39,15000000,"No"
"Dept. of Justice","015-0322","Salaries and Expenses, United States Attorneys, Justice",0,0,100,0,0,3000000,3000000,"No"
"Dept. of Justice","015-0328","Office of Inspector General, Justice",26,32.4,41.6,519168.75,1167111.31,832888.69,2000000,"No"
"Dept. of Labor","016-1801","Federal Unemployment Compensation Program, Employment and Training Administration, Labor",31.1,0.8,68.1,91093349845.31,93530375584.31,199069624415.69,292600000000,"No"
"Dept. of Labor","016-8042","Unemployment Trust Fund - Treasury Managed, Labor",13.3,3.6,83.1,10708094329.99,13605394987.39,66964605012.61,80570000000,"No"
"Dept. of Labor","016-0174","Training and Employment Service, Employment and Training Administration, Labor",0.1,64.3,35.6,289803.98,222044958,122955042,345000000,"No"
"Dept. of Labor","016-0168","Short Time Compensation Programs, Employment and Training Administration, Labor",0,0,100,0,0,129000000,129000000,"No"
"Dept. of Labor","016-0106","Office of the Inspector General, Departmental Management, Labor",0,0,100,0,0,25000000,25000000,"No"
"Dept. of Labor","016-0165","Salaries and Expenses, Departmental Management, Labor",0,0,100,0,0,15000000,15000000,"No"
"Dept. of State","019-0113","Diplomatic and Consular Programs, State",8.6,9.8,81.6,38485559.29,82236685.63,364763314.37,447000000,"No"
"Dept. of State","019-1143","Migration and Refugee Assistance, State",34.7,10.6,54.7,121337397.13,158520000,191480000,350000000,"No"
"Dept. of State","019-5713","Consular and Border Security Programs, Administration of Foreign Affairs, State",30.4,5.1,64.5,42916275.75,50135049.33,90864950.67,141000000,"No"
"Dept. of State","072-1037","Economic Support Fund, Funds Appropriated to the President",0,0,100,0,0,2000000,2000000,"No"
"Dept. of the Interior","014-2100","Operation of Indian Programs, Bureau of Indian Affairs and Bureau of Indian Education, Interior",69.6,14.9,15.5,315317979.74,383004575.33,69995424.67,453000000,"No"
"Dept. of the Interior","014-0102","Departmental Operations, Office of the Secretary, Interior",0.1,1.3,98.6,178354.92,2179267.95,155220732.05,157400000,"No"
"Dept. of the Interior","014-2106","Operation of Indian Education Programs, Bureau of Indian Affairs and Bureau of Indian Education, Interior",29.3,0,70.7,20210770,20211080,48788920,69000000,"No"
"Dept. of the Interior","014-0412","Assistance to Territories, Insular Affairs, Interior",0,75.3,24.7,0,41401551,13598449,55000000,"Yes"
"Dept. of the Interior","075-1515","Payment to States for the Child Care and Development Block Grant, Administration for Children and Families, Health and Human Services",1.6,19.9,78.5,534931,7183965,26277132,33461097,"No"
"Dept. of the Interior","014-0680","Water and Related Resources, Bureau of Reclamation, Interior",1.7,0.4,97.9,202124.83,248328.48,11751671.52,12000000,"No"
"Dept. of the Interior","014-5065","Policy and Administration, Bureau of Reclamation, Interior",7.4,11.9,80.7,601926.5,1563620.1,6536379.9,8100000,"No"
"Dept. of the Interior","014-0104","Salaries and Expenses, Office of the Inspector General, Interior",2.9,4.3,92.8,28948.38,72370.98,927629.02,1000000,"No"
"Dept. of the Interior","014-0787","Central Utah Project Completion Account, Central Utah Project, Interior",0,0,100,0,0,500000,500000,"No"
"Dept. of the Treasury","020-1889","Economic Stabilization Program Account, Departmental Offices, Treasury",0.4,4,95.6,2230211756.68,22116942909.59,477858057090.41,499975000000,"Yes"
"Dept. of the Treasury","020-0905","U.S. Coronavirus Payments, Internal Revenue Service, Treasury",94.8,0,5.2,267384278051.97,267384278051.97,14615721948.03,282000000000,"No"
"Dept. of the Treasury","020-1892","Coronavirus Relief Fund, Departmental Offices, Treasury",97.8,0,2.2,146633308892.37,146633308892.37,3366691107.63,150000000000,"No"
"Dept. of the Treasury","020-1894","Air Carrier Worker Support, Departmental Offices, Department of Treasury",53.7,23.1,23.2,17200675309.1,24581483982.04,7418516017.96,32000000000,"No"
"Dept. of the Treasury","020-0936","U.S. Coronavirus Refundable Credits, Internal Revenue Service, Treasury",0.5,0,99.5,54238603.74,54238603.74,9945761396.26,10000000000,"No"
"Dept. of the Treasury","020-0912","Taxpayer Services, Internal Revenue Service, Treasury",0.2,12.1,87.7,631213.2,43421258.06,309478741.94,352900000,"No"
"Dept. of the Treasury","020-0919","Operations Support, Internal Revenue Service, Treasury",3.7,32.6,63.7,12135825.09,120980682.72,212619317.28,333600000,"No"
"Dept. of the Treasury","020-0913","Enforcement, Internal Revenue Service",0.1,0,99.9,45842.82,45842.82,79154157.18,79200000,"No"
"Dept. of the Treasury","020-0520","Salaries and Expenses, Bureau of the Fiscal Service, Treasury",1.1,10.8,88.1,870438.1,9363859.36,69286140.64,78650000,"No"
"Dept. of the Treasury","020-0151","Public Broadcasting Fund, Corporation for Public Broadcasting, Treasury",100,0,0,75000000,75000000,0,75000000,"No"
"Dept. of the Treasury","020-0501","Payment to the Legal Services Corporation, Legal Services Corporation",100,0,0,50000000,50000000,0,50000000,"No"
"Dept. of the Treasury","020-0106","Salaries and Expenses, Office of Inspector General, Treasury",0.1,0,99.9,18112.69,18112.69,34981887.31,35000000,"No"
"Dept. of the Treasury","020-0101","Salaries and Expenses, Departmental Offices, Treasury",0,0,100,3864.71,5152.97,24994847.03,25000000,"No"
"Dept. of the Treasury","020-1893","Special Inspector General for Pandemic Recovery, Treasury",0,0,100,0,0,25000000,25000000,"No"
"Dept. of the Treasury","020-1771","Federal Payment for Emergency Planning and Security Costs in the District of Columbia, Treasury",100,0,0,5000000,5000000,0,5000000,"No"
"Dept. of the Treasury","020-1802","Financial Agent Services, Bureau of the Fiscal Service, Treasury",0,60.9,39.1,0,1560000,1000000,2560000,"No"
"Dept. of Transportation","069-2812","Transit Infrastructure Grants, Federal Transit Administration, Transportation",12.9,44.7,42.4,3237138115,14402075777,10597924223,25000000000,"No"
"Dept. of Transportation","069-8106","Grants-In-Aid for Airports, Liquidation of Contract Authorization, Airport and Airway Trust Fund, Federal Aviation Administration, Transportation",2.9,62.5,34.6,287983659.76,6538493050,3461506950,10000000000,"No"
"Dept. of Transportation","069-1775","National Network Grants to the National Railroad Passenger Corporation, Transportation",100,0,0,526000000,526000000,0,526000000,"No"
"Dept. of Transportation","069-1774","Northeast Corridor Grants to the National Railroad Passenger Corporation, Transportation",100,0,0,492000000,492000000,0,492000000,"No"
"Dept. of Transportation","069-5423","Essential Air Service and Rural Airport Improvement Fund, Office of the Secretary, Transportation",0,0,100,0,0,56000000,56000000,"No"
"Dept. of Transportation","069-0130","Salaries and Expenses, Office of the Inspector General, Transportation",0,0,100,0,0,5000000,5000000,"No"
"Dept. of Transportation","069-1750","Operations and Training, Maritime Administration, Transportation",8.5,55.3,36.2,267599.46,2000446.5,1133553.5,3134000,"No"
"Dept. of Transportation","069-0102","Salaries and Expenses, Office of the Secretary, Transportation",0,85.8,14.2,0,1504794.75,248205.25,1753000,"No"
"Dept. of Transportation","069-1712","State Maritime Academy Operations, Maritime Administration, Transportation",100,0,0,1000000,1000000,0,1000000,"No"
"Dept. of Transportation","069-0700","Safety and Operations, Federal Railroad Administration, Transportation",0,0,100,0,0,250000,250000,"No"
"Dept. of Veterans Affairs","036-0160","Medical Services, Veterans Health Administration, Veterans Affairs",4.7,5.1,90.2,686939878.42,1422584944.18,13039415055.82,14462000000,"No"
"Dept. of Veterans Affairs","036-0167","Information Technology Systems, Departmental Administration, Veterans Affairs",3.5,21.5,75,75519739.83,537048805.13,1612951194.87,2150000000,"No"
"Dept. of Veterans Affairs","036-0140","Medical Community Care, Veterans Health Administration, Veterans Affairs ",1.9,0,98.1,39768108.81,39768108.81,2090231891.19,2130000000,"No"
"Dept. of Veterans Affairs","036-0162","Expenses, Medical Facilities, Veterans Health Administration, Veterans Affairs",4.3,1.9,93.8,26318263.18,37507648.48,568492351.52,606000000,"No"
"Dept. of Veterans Affairs","036-0181","Grants for Construction of State Extended Care Facilities, Departmental Administration, Veterans Affairs",0,0,100,0,0,150000000,150000000,"No"
"Dept. of Veterans Affairs","036-0152","Medical Support and Compliance, Veterans Health Administration, Veterans Affairs",15.7,11.7,72.6,15681329.93,27389201.93,72610798.07,100000000,"No"
"Dept. of Veterans Affairs","036-0151","General Operating Expenses, Veterans Benefits Administration, Veterans Affairs",8.1,24.4,67.5,1045044.99,4220082.09,8779917.91,13000000,"No"
"Dept. of Veterans Affairs","036-0170","Office of Inspector General, Departmental Administration, Veterans Affairs",0,10.5,89.5,0,1314000,11186000,12500000,"No"
"Dept. of Veterans Affairs","036-0142","General Administration, Departmental Administration, Veterans Affairs",2,0.7,97.3,116936.81,161608.65,5838391.35,6000000,"No"
"Election Assistance Commission","525-1651","Election Reform Programs, Election Assistance Commission",99.3,0.7,0,397269514,400000000,0,400000000,"No"
"Fed. Communications Commission","027-0100","Salaries and Expenses, Federal Communications Commission",0,25.1,74.9,10000,50125710,149874290,200000000,"No"
"General Services Admin.","047-4542","Federal Buildings Fund, General Services Administration",1.4,1.5,97.1,3858672.6,7940143.81,267059856.19,275000000,"No"
"General Services Admin.","047-4549","Federal Citizen Services Fund, General Services Administration",2.4,12,85.6,455243.78,2683997.09,15966002.91,18650000,"No"
"General Services Admin.","047-4540","Working Capital Fund, General Services Administration",0,39.5,60.5,0,593131.65,906868.35,1500000,"No"
"Health & Human Services","075-0140","Public Health and Social Services Emergency Fund, Office of the Secretary, Health and Human Services",29,9.7,61.3,65988467704.54,87926330468.81,139359169531.19,227285500000,"No"
"Health & Human Services","075-0943","CDC-Wide Activities and Program Support, Centers for Disease Control and Prevention, Health and Human Services",3.4,25.6,71,231072494.32,1998588516.78,4901411483.22,6900000000,"No"
"Health & Human Services","075-1515","Payment to States for the Child Care and Development Block Grant, Administration for Children and Families, Health and Human Services",7.3,92.4,0.3,253006567.43,3456426903,10112000,3466538903,"No"
"Health & Human Services","075-0360","Primary Health Care, Health Resources and Services Administration, Health and Human Services",10.6,88.4,1,214724295.28,2000456177.86,19543822.14,2020000000,"Yes"
"Health & Human Services","075-1536","Children and Families Services Programs, Administration for Children and Families, Health and Human Services",0.1,56.2,43.7,947205.83,1054496735.09,819503264.91,1874000000,"No"
"Health & Human Services","075-0885","National Institute of Allergy and Infectious Diseases, National Institutes of Health, Health and Human Services",0.5,14.7,84.8,7808081.42,233433909.83,1298566090.17,1532000000,"No"
"Health & Human Services","075-0142","Aging and Disability Services Programs, Administration for Community Living, Health and Human Services",5.7,94.3,0,68993503.66,1204700000,300000,1205000000,"No"
"Health & Human Services","075-0846","Office of the Director, National Institutes of Health, Health and Human Services",0,0,100,0,0,1030000000,1030000000,"No"
"Health & Human Services","075-0390","Indian Health Services, Indian Health Service, Health and Human Services",50.2,4.4,45.4,487701080.08,530274399.14,440725600.86,971000000,"No"
"Health & Human Services","075-1502","Low Income Home Energy Assistance, Administration for Children and Families, Health and Human Services",0.3,99.7,0,2908076.26,900000000,0,900000000,"No"
"Health & Human Services","075-0945","Infectious Diseases Rapid Response Reserve Fund, Centers for Disease Control, Health and Human Services",0,0,100,0,0,600000000,600000000,"No"
"Health & Human Services","075-0898","National Institute of Biomedical Imaging and Bioengineering, National Institutes of Health, Health and Human Services  ",0,13.9,86.1,95130.15,77773094.42,482226905.58,560000000,"No"
"Health & Human Services","075-1362","Health Surveillance and Program Support, Substance Abuse and Mental Health Services Administration, Health and Human Services",0.1,90.3,9.6,445677.73,384157253,40842747,425000000,"No"
"Health & Human Services","075-0849","National Cancer Institute, National Institutes of Health, Health and Human Services",0,0,100,0,0,306000000,306000000,"No"
"Health & Human Services","075-0511","Program Management, Centers for Medicare and Medicaid Services",0,5.7,94.3,55234.54,11496010.88,188503989.12,200000000,"No"
"Health & Human Services","075-0358","Rural Health, Health Resources and Services Administration, Health and Human Services",27.9,70.4,1.7,50215603.83,177006409.3,2993590.7,180000000,"Yes"
"Health & Human Services","075-0600","Salaries and Expenses, Food and Drug Administration, Health and Human Services",0.2,4.7,95.1,379541.66,8014418.12,154985581.88,163000000,"No"
"Health & Human Services","075-0391","Indian Health Facilities, Indian Health Service, Health and Human Services",63.9,0.9,35.2,79862994,80940505.86,44059494.14,125000000,"No"
"Health & Human Services","075-0872","National Heart, Lung, and Blood Institute, National Institutes of Health, Health and Human Services",0,10,90,13559.04,10300162,93099838,103400000,"No"
"Health & Human Services","075-0356","Ryan White HIV/AIDS Program, Health Resources and Services Administration, Health and Human Services",2.6,97.1,0.3,2329645.33,89734534,265466,90000000,"Yes"
"Health & Human Services","075-0875","National Center for Advancing Translational Sciences, National Institutes of Health, Health and Human Services ",0,5.6,94.4,0,2030621.76,33969378.24,36000000,"No"
"Health & Human Services","075-0944","Toxic Substances and Environmental Public Health, Agency for Toxic Substances and Disease Registry, Health and Human Services  ",3.8,7.1,89.1,482073.62,1364169.97,11135830.03,12500000,"No"
"Health & Human Services","075-0128","Office of the Inspector General, Office of the Secretary, Health and Human Services",0,0,100,0,0,12000000,12000000,"No"
"Health & Human Services","075-0807","National Library of Medicine, National Institutes of Health",0,0,100,0,0,10000000,10000000,"No"
"Health & Human Services","075-0862","National Institute of Environmental Health Sciences, National Institutes of Health, Health and Human Services",0,4.6,95.4,0,457592.04,9542407.96,10000000,"No"
"Health & Human Services","075-0357","Health Care Systems, Health Resources and Services Administration, Health and Human Services",0.2,96.5,3.3,11016.43,4834000,166000,5000000,"Yes"
"Housing & Urban Development","086-0162","Community Development Fund, Community Planning and Development, Housing and Urban Development",0,4.3,95.7,0,215840485,4784159515,5000000000,"No"
"Housing & Urban Development","086-0192","Homeless Assistance Grants, Community Planning and Development, Housing and Urban Development",0,3.4,96.6,0,136427765,3863572235,4000000000,"No"
"Housing & Urban Development","086-0302","Tenant-Based Rental Assistance, Public and Indian Housing, Housing and Urban Development",30.2,0,69.8,377774400,377795436,872204564,1250000000,"No"
"Housing & Urban Development","086-0303","Project-Based Rental Assistance, Housing Programs, Housing and Urban Development",0.2,79.8,20,1721662,800000000,200000000,1000000000,"No"
"Housing & Urban Development","086-0163","Public Housing Operating Fund, Public and Indian Housing, Housing and Urban Development",4.1,95.9,0,28128014.29,684992032.5,7967.5,685000000,"No"
"Housing & Urban Development","086-0313","Native American Programs, Public and Indian Housing, Housing and Urban Development",1.3,11.8,86.9,4094614.41,39396796,260603204,300000000,"Yes"
"Housing & Urban Development","086-0308","Housing Opportunities for Persons with AIDS, Community Planning  and Development, Housing and Urban Development",0,10.1,89.9,0,6539488,58460512,65000000,"No"
"Housing & Urban Development","086-0320","Housing for the Elderly, Housing Programs, Housing and Urban Development",0,0,100,0,0,50000000,50000000,"No"
"Housing & Urban Development","086-0335","Administrative Support Offices, Management and Administration, Housing and Urban Development",0.3,3.2,96.5,90973.22,1208901.99,33791098.01,35000000,"No"
"Housing & Urban Development","086-0237","Housing for Persons with Disabilities, Housing Programs, Housing and Urban Development",0,0,100,0,0,15000000,15000000,"No"
"Housing & Urban Development","086-0479","Program Offices, Management and Administration, Housing and Urban Development",0,0,100,0,0,15000000,15000000,"No"
"Housing & Urban Development","086-0189","Office of Inspector General, Management and Administration, Housing and Urban Development",2.6,2,95.4,131935.94,232183.65,4767816.35,5000000,"No"
"Housing & Urban Development","086-0144","Fair Housing Activities, Fair Housing and Equal Opportunity, Housing and Urban Development",0,10.5,89.5,0,262596.41,2237403.59,2500000,"No"
"Other Agencies","011-0100","Peace Corps, Funds Appropriated to the President",11.8,0,88.2,10340998.24,10344000,77656000,88000000,"No"
"Other Agencies","542-1654","Pandemic Response Accountability Committee, Council of the Inspectors General on Integrity and Efficiency",0,0.5,99.5,30094.89,394654.89,79605345.11,80000000,"No"
"Other Agencies","418-0200","Grants and Administration, National Endowment for the Humanities, National Foundation on the Arts and Humanities ",4,35.5,60.5,3002630.81,29646881,45353119,75000000,"No"
"Other Agencies","417-0100","Grants and Administration, National Endowment for the Arts, National Foundation on the Arts and Humanities",4.2,35.5,60.3,3121410,29757600,45242400,75000000,"No"
"Other Agencies","049-0100","Research and Related Activities, National Science Foundation",0.6,78,21.4,435821.16,55024226,14975774,70000000,"No"
"Other Agencies","080-0122","Safety, Security and Missions Services, National Aeronautics and Space Administration",1.4,24.2,74.4,832532.44,15331791.99,44668208.01,60000000,"No"
"Other Agencies","096-3123","Operation and Maintenance, Corps of Engineers-Civil",3.5,0.3,96.2,1751361.8,1891326,48108674,50000000,"No"
"Other Agencies","474-0301","Office of Museum and Library Services: Grants and Administration, Institute of Museum and Library Services ",1.4,58.6,40,707131,30025000,19975000,50000000,"No"
"Other Agencies","033-0302","Operations and Maintenance, John F. Kennedy Center for the Performing Arts",12.5,-4.5,92,3124094.96,2000000,23000000,25000000,"No"
"Other Agencies","005-0107","Salaries and Expenses, Government Accountability Office",7.9,0,92.1,1577326.56,1577326.56,18422673.44,20000000,"No"
"Other Agencies","096-3124","Expenses, Corps of Engineers-Civil",4.3,13,82.7,865915.55,3455062.74,16544937.26,20000000,"No"
"Other Agencies","024-0100","Salaries and Expenses, Office of Personnel Management",0,2.9,97.1,0,347464.06,11752535.94,12100000,"No"
"Other Agencies","088-0300","Operating Expenses, National Archives and Records Administration",1,30.1,68.9,80547.84,2520010.56,5579989.44,8100000,"No"
"Other Agencies","033-0100","Salaries and Expenses, Smithsonian Institution",16.6,38.6,44.8,1244970.34,4136305.51,3363694.49,7500000,"No"
"Other Agencies","049-0106","Education and Human Resources, National Science Foundation",0,96,4,0,4799266,200734,5000000,"No"
"Other Agencies","068-0108","Environmental Programs and Management, Environmental Protection Agency",25.3,0,74.7,990995.4,990995.4,2919004.6,3910000,"No"
"Other Agencies","084-8522","Armed Forces Retirement Home Trust Fund, Armed Forces Retirement Home",0.3,14.3,85.4,9435.83,410558.97,2389441.03,2800000,"No"
"Other Agencies","068-0107","Science and Technology, Environmental Protection Agency",0,66.6,33.4,0,1499256,750744,2250000,"No"
"Other Agencies","049-0180","Agency Operations and Award Management, National Science Foundation",0,0,100,0,0,1000000,1000000,"No"
"Other Agencies","068-8145","Hazardous Substance Superfund, Environmental Protection Agency",0,0,100,0,0,770000,770000,"No"
"Other Agencies","068-0110","Buildings and Facilities, Environmental Protection Agency ",0,0,100,0,0,300000,300000,"No"
"Other Agencies","373-2900","Payment to the Institute, Institute of American Indian and Alaska Native Culture and Arts Development",100,0,0,78000,78000,0,78000,"No"
"Railroad Retirement Board","060-0117","Railroad Unemployment Insurance Extended Benefits Payments, Railroad Retirement Board",2.7,1.8,95.5,3532262.32,5974300.3,127442521.9,133416822.2,"No"
"Railroad Retirement Board","060-8237","Limitation on Administration, Railroad Retirement Board",1.6,14.8,83.6,80838,818328.38,4181671.62,5000000,"No"
"Small Business Administration","073-1154","Business Loans Program Account, Small Business Administration",1.5,75.5,23,9939117269.15,528944409074.34,158390590925.66,687335000000,"Yes"
"Small Business Administration","073-1152","Disaster Loans Program Account, Small Business Administration",9.2,3.8,87,4580599010.47,6477453156.64,43522546843.36,50000000000,"Yes"
"Small Business Administration","073-0500","Emergency EIDL Grants, Small Business Administration",51.6,0.3,48.1,10310262000,10375057000,9624943000,20000000000,"No"
"Small Business Administration","073-0100","Salaries and Expenses, Small Business Administration",3.2,10,86.8,87520514.51,365483831.37,2409516168.63,2775000000,"No"
"Small Business Administration","073-0400","Entrepreneurial Development Programs, Small Business Administration",20,74.8,5.2,52993556.08,251344415.73,13655584.27,265000000,"No"
"Social Security Admin.","028-8704","Salaries and Expenses, Social Security Administration",68,1.9,30.1,229821920.99,236373536.62,101626463.38,338000000,"No"
