function,parent,parent_plain,child,child_plain,fiscal_year,federal_spending,percent_total,spending_source_url,spending_source_url_name
agency,Legislative Branch,Legislative Branch,,,2020,5392441752,0.08,https://www.fiscal.treasury.gov/files/reports-statements/mts/mts0920.pdf,Monthly Treasury Statement
agency,Legislative Branch,Legislative Branch,Senate,Senate,2020,964702598.4,17.89,https://www.fiscal.treasury.gov/files/reports-statements/mts/mts0920.pdf,Monthly Treasury Statement
agency,Legislative Branch,Legislative Branch,United States Tax Court,United States Tax Court,2020,53621612.4,0.99,https://www.fiscal.treasury.gov/files/reports-statements/mts/mts0920.pdf,Monthly Treasury Statement
agency,Legislative Branch,Legislative Branch,Other Legislative Branch Agencies,Other Legislative Branch Agencies,2020,122906995.2,2.28,https://www.fiscal.treasury.gov/files/reports-statements/mts/mts0920.pdf,Monthly Treasury Statement
agency,Legislative Branch,Legislative Branch,Proprietary Receipts from the Public,Revenue from Business-Type Activities,2020,-40051239.6,-0.74,https://www.fiscal.treasury.gov/files/reports-statements/mts/mts0920.pdf,Monthly Treasury Statement
agency,Legislative Branch,Legislative Branch,Intrabudgetary Transactions,Budgetary Transactions Within the Agency,2020,-8463754.8,-0.16,https://www.fiscal.treasury.gov/files/reports-statements/mts/mts0920.pdf,Monthly Treasury Statement
agency,Legislative Branch,Legislative Branch,Offsetting Governmental Receipts,Offsetting Revenue,2020,-42902.4,0,https://www.fiscal.treasury.gov/files/reports-statements/mts/mts0920.pdf,Monthly Treasury Statement
agency,Legislative Branch,Legislative Branch,House of Representatives,House of Representatives,2020,1474345988,27.34,https://www.fiscal.treasury.gov/files/reports-statements/mts/mts0920.pdf,Monthly Treasury Statement
agency,Legislative Branch,Legislative Branch,Joint Items,Joint Items,2020,18279585.6,0.34,https://www.fiscal.treasury.gov/files/reports-statements/mts/mts0920.pdf,Monthly Treasury Statement
agency,Legislative Branch,Legislative Branch,Capitol Police,Capitol Police,2020,466592604,8.65,https://www.fiscal.treasury.gov/files/reports-statements/mts/mts0920.pdf,Monthly Treasury Statement
agency,Legislative Branch,Legislative Branch,Congressional Budget Office,Congressional Budget Office,2020,55021495.2,1.02,https://www.fiscal.treasury.gov/files/reports-statements/mts/mts0920.pdf,Monthly Treasury Statement
agency,Legislative Branch,Legislative Branch,Architect of the Capitol,Architect of the Capitol,2020,779111154,14.45,https://www.fiscal.treasury.gov/files/reports-statements/mts/mts0920.pdf,Monthly Treasury Statement
agency,Legislative Branch,Legislative Branch,Library of Congress,Library of Congress,2020,722725029.6,13.4,https://www.fiscal.treasury.gov/files/reports-statements/mts/mts0920.pdf,Monthly Treasury Statement
agency,Legislative Branch,Legislative Branch,Government Printing Office,Government Printing Office,2020,161639806.8,3,https://www.fiscal.treasury.gov/files/reports-statements/mts/mts0920.pdf,Monthly Treasury Statement
agency,Legislative Branch,Legislative Branch,Government Accountability Office,Government Accountability Office,2020,622052778,11.54,https://www.fiscal.treasury.gov/files/reports-statements/mts/mts0920.pdf,Monthly Treasury Statement
agency,Department of Housing and Urban Development,Department of Housing and Urban Development,,,2020,31867994388,0.47,https://www.fiscal.treasury.gov/files/reports-statements/mts/mts0920.pdf,Monthly Treasury Statement
agency,Department of Housing and Urban Development,Department of Housing and Urban Development,Public and Indian Housing Programs,Public and Indian Housing Programs,2020,31491809995,98.82,https://www.fiscal.treasury.gov/files/reports-statements/mts/mts0920.pdf,Monthly Treasury Statement
agency,Department of Housing and Urban Development,Department of Housing and Urban Development,Community Planning and Development,Community Planning and Development,2020,8777163096,27.54,https://www.fiscal.treasury.gov/files/reports-statements/mts/mts0920.pdf,Monthly Treasury Statement
agency,Department of Housing and Urban Development,Department of Housing and Urban Development,Housing Programs,Housing Programs,2020,-5221393278,-16.38,https://www.fiscal.treasury.gov/files/reports-statements/mts/mts0920.pdf,Monthly Treasury Statement
agency,Department of Housing and Urban Development,Department of Housing and Urban Development,Government National Mortgage Association,Government National Mortgage Association,2020,426982752,1.34,https://www.fiscal.treasury.gov/files/reports-statements/mts/mts0920.pdf,Monthly Treasury Statement
agency,Department of Housing and Urban Development,Department of Housing and Urban Development,Management and Administration,Management and Administration,2020,1812154616,5.69,https://www.fiscal.treasury.gov/files/reports-statements/mts/mts0920.pdf,Monthly Treasury Statement
agency,Department of Housing and Urban Development,Department of Housing and Urban Development,Other,Other,2020,171420388.8,0.54,https://www.fiscal.treasury.gov/files/reports-statements/mts/mts0920.pdf,Monthly Treasury Statement
agency,Department of Housing and Urban Development,Department of Housing and Urban Development,Proprietary Receipts from the Public,Revenue from Business-Type Activities,2020,-5570869121,-17.48,https://www.fiscal.treasury.gov/files/reports-statements/mts/mts0920.pdf,Monthly Treasury Statement
agency,Department of Housing and Urban Development,Department of Housing and Urban Development,Intrabudgetary Transactions,Budgetary Transactions Within the Agency,2020,-4536261.6,-0.01,https://www.fiscal.treasury.gov/files/reports-statements/mts/mts0920.pdf,Monthly Treasury Statement
agency,Department of Housing and Urban Development,Department of Housing and Urban Development,Offsetting Governmental Receipts,Offsetting Revenue,2020,-14737800,-0.05,https://www.fiscal.treasury.gov/files/reports-statements/mts/mts0920.pdf,Monthly Treasury Statement
agency,Department of the Interior,Department of the Interior,,,2020,16511332250,0.24,https://www.fiscal.treasury.gov/files/reports-statements/mts/mts0920.pdf,Monthly Treasury Statement
agency,Department of the Interior,Department of the Interior,Land and Minerals Management,Land and Minerals Management,2020,3888213816,23.55,https://www.fiscal.treasury.gov/files/reports-statements/mts/mts0920.pdf,Monthly Treasury Statement
agency,Department of the Interior,Department of the Interior,Water and Science,Water and Science,2020,2696488193,16.33,https://www.fiscal.treasury.gov/files/reports-statements/mts/mts0920.pdf,Monthly Treasury Statement
agency,Department of the Interior,Department of the Interior,Fish and Wildlife and Parks,Fish and Wildlife and Parks,2020,6363285643,38.54,https://www.fiscal.treasury.gov/files/reports-statements/mts/mts0920.pdf,Monthly Treasury Statement
agency,Department of the Interior,Department of the Interior,Indian Affairs,Indian Affairs,2020,3354543194,20.32,https://www.fiscal.treasury.gov/files/reports-statements/mts/mts0920.pdf,Monthly Treasury Statement
agency,Department of the Interior,Department of the Interior,Departmental Offices,Departmental Offices,2020,4405289632,26.68,https://www.fiscal.treasury.gov/files/reports-statements/mts/mts0920.pdf,Monthly Treasury Statement
agency,Department of the Interior,Department of the Interior,Other,Other,2020,1499791115,9.08,https://www.fiscal.treasury.gov/files/reports-statements/mts/mts0920.pdf,Monthly Treasury Statement
agency,Department of the Interior,Department of the Interior,Proprietary Receipts from the Public,Revenue from Business-Type Activities,2020,-5480176067,-33.19,https://www.fiscal.treasury.gov/files/reports-statements/mts/mts0920.pdf,Monthly Treasury Statement
agency,Department of the Interior,Department of the Interior,Intrabudgetary Transactions,Budgetary Transactions Within the Agency,2020,-216103275.6,-1.31,https://www.fiscal.treasury.gov/files/reports-statements/mts/mts0920.pdf,Monthly Treasury Statement
agency,Department of Justice,Department of Justice,,,2020,37217540250,0.55,https://www.fiscal.treasury.gov/files/reports-statements/mts/mts0920.pdf,Monthly Treasury Statement
agency,Department of Justice,Department of Justice,General Administration,General Administration,2020,859688233.2,2.31,https://www.fiscal.treasury.gov/files/reports-statements/mts/mts0920.pdf,Monthly Treasury Statement
agency,Department of Justice,Department of Justice,Intrabudgetary Transactions,Budgetary Transactions Within the Agency,2020,-1038897926,-2.79,https://www.fiscal.treasury.gov/files/reports-statements/mts/mts0920.pdf,Monthly Treasury Statement
agency,Department of Justice,Department of Justice,Offsetting Governmental Receipts,Offsetting Revenue,2020,-756487444.8,-2.03,https://www.fiscal.treasury.gov/files/reports-statements/mts/mts0920.pdf,Monthly Treasury Statement
agency,Department of Justice,Department of Justice,Legal Activities and U.S. Marshals,Legal Activities and U.S. Marshals,2020,10839597929,29.12,https://www.fiscal.treasury.gov/files/reports-statements/mts/mts0920.pdf,Monthly Treasury Statement
agency,Department of Justice,Department of Justice,Federal Bureau of Investigation,Federal Bureau of Investigation,2020,9797902494,26.33,https://www.fiscal.treasury.gov/files/reports-statements/mts/mts0920.pdf,Monthly Treasury Statement
agency,Department of Justice,Department of Justice,Drug Enforcement Administration,Drug Enforcement Administration,2020,2805203221,7.54,https://www.fiscal.treasury.gov/files/reports-statements/mts/mts0920.pdf,Monthly Treasury Statement
agency,Department of Justice,Department of Justice,"Bureau of Alcohol, Tobacco, Firearms, and Explosives","Bureau of Alcohol, Tobacco, Firearms, and Explosives",2020,1357969159,3.65,https://www.fiscal.treasury.gov/files/reports-statements/mts/mts0920.pdf,Monthly Treasury Statement
agency,Department of Justice,Department of Justice,Federal Prison System,Federal Prison System,2020,7752420362,20.83,https://www.fiscal.treasury.gov/files/reports-statements/mts/mts0920.pdf,Monthly Treasury Statement
agency,Department of Justice,Department of Justice,Office of Justice Programs,Office of Justice Programs,2020,5447712192,14.64,https://www.fiscal.treasury.gov/files/reports-statements/mts/mts0920.pdf,Monthly Treasury Statement
agency,Department of Justice,Department of Justice,Other,Other,2020,784143475.2,2.11,https://www.fiscal.treasury.gov/files/reports-statements/mts/mts0920.pdf,Monthly Treasury Statement
agency,Department of Justice,Department of Justice,Proprietary Receipts from the Public,Revenue from Business-Type Activities,2020,-631711444.8,-1.7,https://www.fiscal.treasury.gov/files/reports-statements/mts/mts0920.pdf,Monthly Treasury Statement
agency,Department of Labor,Department of Labor,,,2020,4.66576E+11,6.91,https://www.fiscal.treasury.gov/files/reports-statements/mts/mts0920.pdf,Monthly Treasury Statement
agency,Department of Labor,Department of Labor,Employment and Training Administration,Employment and Training Administration,2020,5.68817E+11,121.91,https://www.fiscal.treasury.gov/files/reports-statements/mts/mts0920.pdf,Monthly Treasury Statement
agency,Department of Labor,Department of Labor,Proprietary Receipts from the Public,Revenue from Business-Type Activities,2020,-7278145.2,0,https://www.fiscal.treasury.gov/files/reports-statements/mts/mts0920.pdf,Monthly Treasury Statement
agency,Department of Labor,Department of Labor,Intrabudgetary Transactions,Budgetary Transactions Within the Agency,2020,-99396312547,-21.3,https://www.fiscal.treasury.gov/files/reports-statements/mts/mts0920.pdf,Monthly Treasury Statement
agency,Department of Labor,Department of Labor,Pension Benefit Guaranty Corporation,Pension Benefit Guaranty Corporation,2020,-7450025012,-1.6,https://www.fiscal.treasury.gov/files/reports-statements/mts/mts0920.pdf,Monthly Treasury Statement
agency,Department of Labor,Department of Labor,Office of Workers' Compensation Programs,Office of Workers' Compensation Programs,2020,1975280570,0.42,https://www.fiscal.treasury.gov/files/reports-statements/mts/mts0920.pdf,Monthly Treasury Statement
agency,Department of Labor,Department of Labor,Wage and Hour Division,Wage and Hour Division,2020,280445284.8,0.06,https://www.fiscal.treasury.gov/files/reports-statements/mts/mts0920.pdf,Monthly Treasury Statement
agency,Department of Labor,Department of Labor,Occupational Safety and Health Administration,Occupational Safety and Health Administration,2020,569829435.6,0.12,https://www.fiscal.treasury.gov/files/reports-statements/mts/mts0920.pdf,Monthly Treasury Statement
agency,Department of Labor,Department of Labor,Mine Safety and Health Administration,Mine Safety and Health Administration,2020,363037537.2,0.08,https://www.fiscal.treasury.gov/files/reports-statements/mts/mts0920.pdf,Monthly Treasury Statement
agency,Department of Labor,Department of Labor,Bureau of Labor Statistics,Bureau of Labor Statistics,2020,541660566,0.12,https://www.fiscal.treasury.gov/files/reports-statements/mts/mts0920.pdf,Monthly Treasury Statement
agency,Department of Labor,Department of Labor,Departmental Management,Departmental Management,2020,552526004.4,0.12,https://www.fiscal.treasury.gov/files/reports-statements/mts/mts0920.pdf,Monthly Treasury Statement
agency,Department of Labor,Department of Labor,Other,Other,2020,329704022.4,0.07,https://www.fiscal.treasury.gov/files/reports-statements/mts/mts0920.pdf,Monthly Treasury Statement
agency,Department of State,Department of State,,,2020,31507064845,0.47,https://www.fiscal.treasury.gov/files/reports-statements/mts/mts0920.pdf,Monthly Treasury Statement
agency,Department of State,Department of State,Administration of Foreign Affairs,Administration of Foreign Affairs,2020,15981475655,50.72,https://www.fiscal.treasury.gov/files/reports-statements/mts/mts0920.pdf,Monthly Treasury Statement
agency,Department of State,Department of State,International Organizations and Conferences,International Organizations and Conferences,2020,3879596125,12.31,https://www.fiscal.treasury.gov/files/reports-statements/mts/mts0920.pdf,Monthly Treasury Statement
agency,Department of State,Department of State,Global Health and Child Survival,Global Health and Child Survival,2020,9231115723,29.3,https://www.fiscal.treasury.gov/files/reports-statements/mts/mts0920.pdf,Monthly Treasury Statement
agency,Department of State,Department of State,Migration and Refugee Assistance,Migration and Refugee Assistance,2020,3667743726,11.64,https://www.fiscal.treasury.gov/files/reports-statements/mts/mts0920.pdf,Monthly Treasury Statement
agency,Department of State,Department of State,International Narcotics Control and Law Enforcement,International Narcotics Control and Law Enforcement,2020,988640287.2,3.14,https://www.fiscal.treasury.gov/files/reports-statements/mts/mts0920.pdf,Monthly Treasury Statement
agency,Department of State,Department of State,Andean Counterdrug Programs,Andean Counterdrug Programs,2020,15888,0,https://www.fiscal.treasury.gov/files/reports-statements/mts/mts0920.pdf,Monthly Treasury Statement
agency,Department of State,Department of State,Other,Other,2020,542948263.2,1.72,https://www.fiscal.treasury.gov/files/reports-statements/mts/mts0920.pdf,Monthly Treasury Statement
agency,Department of State,Department of State,Proprietary Receipts from the Public,Revenue from Business-Type Activities,2020,-2235441952,-7.1,https://www.fiscal.treasury.gov/files/reports-statements/mts/mts0920.pdf,Monthly Treasury Statement
agency,Department of State,Department of State,Intrabudgetary Transactions,Budgetary Transactions Within the Agency,2020,-549028870.8,-1.74,https://www.fiscal.treasury.gov/files/reports-statements/mts/mts0920.pdf,Monthly Treasury Statement
agency,Department of Transportation,Department of Transportation,,,2020,92450547085,1.37,https://www.fiscal.treasury.gov/files/reports-statements/mts/mts0920.pdf,Monthly Treasury Statement
agency,Department of Transportation,Department of Transportation,Office of the Secretary,Office of the Secretary,2020,984138100.8,1.06,https://www.fiscal.treasury.gov/files/reports-statements/mts/mts0920.pdf,Monthly Treasury Statement
agency,Department of Transportation,Department of Transportation,Proprietary Receipts from the Public,Revenue from Business-Type Activities,2020,-1407973552,-1.52,https://www.fiscal.treasury.gov/files/reports-statements/mts/mts0920.pdf,Monthly Treasury Statement
agency,Department of Transportation,Department of Transportation,Intrabudgetary Transactions,Budgetary Transactions Within the Agency,2020,-12000364090,-12.98,https://www.fiscal.treasury.gov/files/reports-statements/mts/mts0920.pdf,Monthly Treasury Statement
agency,Department of Transportation,Department of Transportation,Offsetting Governmental Receipts,Offsetting Revenue,2020,-174130658.4,-0.19,https://www.fiscal.treasury.gov/files/reports-statements/mts/mts0920.pdf,Monthly Treasury Statement
agency,Department of Transportation,Department of Transportation,Federal Aviation Administration,Federal Aviation Administration,2020,30884672506,33.41,https://www.fiscal.treasury.gov/files/reports-statements/mts/mts0920.pdf,Monthly Treasury Statement
agency,Department of Transportation,Department of Transportation,Federal Highway Administration,Federal Highway Administration,2020,44554583281,48.19,https://www.fiscal.treasury.gov/files/reports-statements/mts/mts0920.pdf,Monthly Treasury Statement
agency,Department of Transportation,Department of Transportation,Federal Motor Carrier Safety Administration,Federal Motor Carrier Safety Administration,2020,614511345.6,0.66,https://www.fiscal.treasury.gov/files/reports-statements/mts/mts0920.pdf,Monthly Treasury Statement
agency,Department of Transportation,Department of Transportation,National Highway Traffic Safety Administration,National Highway Traffic Safety Administration,2020,973277924.4,1.05,https://www.fiscal.treasury.gov/files/reports-statements/mts/mts0920.pdf,Monthly Treasury Statement
agency,Department of Transportation,Department of Transportation,Federal Railroad Administration,Federal Railroad Administration,2020,3994126744,4.32,https://www.fiscal.treasury.gov/files/reports-statements/mts/mts0920.pdf,Monthly Treasury Statement
agency,Department of Transportation,Department of Transportation,Federal Transit Administration,Federal Transit Administration,2020,22977536195,24.85,https://www.fiscal.treasury.gov/files/reports-statements/mts/mts0920.pdf,Monthly Treasury Statement
agency,Department of Transportation,Department of Transportation,Maritime Administration,Maritime Administration,2020,583192833.6,0.63,https://www.fiscal.treasury.gov/files/reports-statements/mts/mts0920.pdf,Monthly Treasury Statement
agency,Department of Transportation,Department of Transportation,Other,Other,2020,466976455.2,0.51,https://www.fiscal.treasury.gov/files/reports-statements/mts/mts0920.pdf,Monthly Treasury Statement
agency,Department of the Treasury,Department of the Treasury,,,2020,1.28115E+12,18.96,https://www.fiscal.treasury.gov/files/reports-statements/mts/mts0920.pdf,Monthly Treasury Statement
agency,Department of the Treasury,Department of the Treasury,Departmental Offices,Departmental Offices,2020,2.49791E+11,19.5,https://www.fiscal.treasury.gov/files/reports-statements/mts/mts0920.pdf,Monthly Treasury Statement
agency,Department of the Treasury,Department of the Treasury,Other,Other,2020,122331745.2,0.01,https://www.fiscal.treasury.gov/files/reports-statements/mts/mts0920.pdf,Monthly Treasury Statement
agency,Department of the Treasury,Department of the Treasury,Proprietary Receipts from the Public,Revenue from Business-Type Activities,2020,-7776212684,-0.61,https://www.fiscal.treasury.gov/files/reports-statements/mts/mts0920.pdf,Monthly Treasury Statement
agency,Department of the Treasury,Department of the Treasury,Intrabudgetary Transactions,Budgetary Transactions Within the Agency,2020,-2346036529,-0.18,https://www.fiscal.treasury.gov/files/reports-statements/mts/mts0920.pdf,Monthly Treasury Statement
agency,Department of the Treasury,Department of the Treasury,Bureau of the Fiscal Service,Bureau of the Fiscal Service,2020,8463319236,0.66,https://www.fiscal.treasury.gov/files/reports-statements/mts/mts0920.pdf,Monthly Treasury Statement
agency,Department of the Treasury,Department of the Treasury,Federal Financing Bank,Federal Financing Bank,2020,-2417021173,-0.19,https://www.fiscal.treasury.gov/files/reports-statements/mts/mts0920.pdf,Monthly Treasury Statement
agency,Department of the Treasury,Department of the Treasury,Alcohol and Tobacco Tax and Trade Bureau,Alcohol and Tobacco Tax and Trade Bureau,2020,583934604,0.05,https://www.fiscal.treasury.gov/files/reports-statements/mts/mts0920.pdf,Monthly Treasury Statement
agency,Department of the Treasury,Department of the Treasury,Bureau of Engraving and Printing,Bureau of Engraving and Printing,2020,46153941.6,0,https://www.fiscal.treasury.gov/files/reports-statements/mts/mts0920.pdf,Monthly Treasury Statement
agency,Department of the Treasury,Department of the Treasury,United States Mint,United States Mint,2020,-437898862.8,-0.03,https://www.fiscal.treasury.gov/files/reports-statements/mts/mts0920.pdf,Monthly Treasury Statement
agency,Department of the Treasury,Department of the Treasury,Internal Revenue Service,Internal Revenue Service,2020,5.10642E+11,39.86,https://www.fiscal.treasury.gov/files/reports-statements/mts/mts0920.pdf,Monthly Treasury Statement
agency,Department of the Treasury,Department of the Treasury,Comptroller of the Currency,Comptroller of the Currency,2020,411794800.8,0.03,https://www.fiscal.treasury.gov/files/reports-statements/mts/mts0920.pdf,Monthly Treasury Statement
agency,Department of the Treasury,Department of the Treasury,Interest on the Public Debt,Interest on the Public Debt,2020,5.2407E+11,40.91,https://www.fiscal.treasury.gov/files/reports-statements/mts/mts0920.pdf,Monthly Treasury Statement
agency,Department of Veterans Affairs,Department of Veterans Affairs,,,2020,2.25292E+11,3.33,https://www.fiscal.treasury.gov/files/reports-statements/mts/mts0920.pdf,Monthly Treasury Statement
agency,Department of Veterans Affairs,Department of Veterans Affairs,Joint DOD-VA Medical Facility Demonstration Fund,Joint DOD-VA Medical Facility Demonstration Fund,2020,469295594.4,0.21,https://www.fiscal.treasury.gov/files/reports-statements/mts/mts0920.pdf,Monthly Treasury Statement
agency,Department of Veterans Affairs,Department of Veterans Affairs,Veterans Health Administration,Veterans Health Administration,2020,88567074266,39.31,https://www.fiscal.treasury.gov/files/reports-statements/mts/mts0920.pdf,Monthly Treasury Statement
agency,Department of Veterans Affairs,Department of Veterans Affairs,Benefits Programs,Benefits Programs,2020,1.32481E+11,58.8,https://www.fiscal.treasury.gov/files/reports-statements/mts/mts0920.pdf,Monthly Treasury Statement
agency,Department of Veterans Affairs,Department of Veterans Affairs,Departmental Administration,Departmental Administration,2020,11488132967,5.1,https://www.fiscal.treasury.gov/files/reports-statements/mts/mts0920.pdf,Monthly Treasury Statement
agency,Department of Veterans Affairs,Department of Veterans Affairs,Proprietary Receipts from the Public,Revenue from Business-Type Activities,2020,-7732517057,-3.43,https://www.fiscal.treasury.gov/files/reports-statements/mts/mts0920.pdf,Monthly Treasury Statement
agency,Department of Veterans Affairs,Department of Veterans Affairs,Intrabudgetary Transactions,Budgetary Transactions Within the Agency,2020,19194288,0.01,https://www.fiscal.treasury.gov/files/reports-statements/mts/mts0920.pdf,Monthly Treasury Statement
agency,Corps of Engineers,U.S. Army Corps of Engineers,,,2020,8481692390,0.13,https://www.fiscal.treasury.gov/files/reports-statements/mts/mts0920.pdf,Monthly Treasury Statement
agency,Corps of Engineers,U.S. Army Corps of Engineers,Construction,Construction,2020,2607546334,30.74,https://www.fiscal.treasury.gov/files/reports-statements/mts/mts0920.pdf,Monthly Treasury Statement
agency,Corps of Engineers,U.S. Army Corps of Engineers,Operation and Maintenance,Operation and Maintenance,2020,2773700149,32.7,https://www.fiscal.treasury.gov/files/reports-statements/mts/mts0920.pdf,Monthly Treasury Statement
agency,Corps of Engineers,U.S. Army Corps of Engineers,Flood Control and Coastal Emergencies,Flood Control and Coastal Emergencies,2020,763618520.4,9,https://www.fiscal.treasury.gov/files/reports-statements/mts/mts0920.pdf,Monthly Treasury Statement
agency,Corps of Engineers,U.S. Army Corps of Engineers,Harbor Maintenance Trust Fund,Harbor Maintenance Trust Fund,2020,1220067661,14.38,https://www.fiscal.treasury.gov/files/reports-statements/mts/mts0920.pdf,Monthly Treasury Statement
agency,Corps of Engineers,U.S. Army Corps of Engineers,Rivers and Harbors Contributed Funds,Rivers and Harbors Contributed Funds,2020,550990264.8,6.5,https://www.fiscal.treasury.gov/files/reports-statements/mts/mts0920.pdf,Monthly Treasury Statement
agency,Corps of Engineers,U.S. Army Corps of Engineers,Other,Other,2020,1299454314,15.32,https://www.fiscal.treasury.gov/files/reports-statements/mts/mts0920.pdf,Monthly Treasury Statement
agency,Corps of Engineers,U.S. Army Corps of Engineers,Proprietary Receipts from the Public,Revenue from Business-Type Activities,2020,-741898876.8,-8.75,https://www.fiscal.treasury.gov/files/reports-statements/mts/mts0920.pdf,Monthly Treasury Statement
agency,Corps of Engineers,U.S. Army Corps of Engineers,Intrabudgetary Transactions,Budgetary Transactions Within the Agency,2020,8214024,0.1,https://www.fiscal.treasury.gov/files/reports-statements/mts/mts0920.pdf,Monthly Treasury Statement
agency,Other Civil Defense Programs,Other Civil Defense Programs,,,2020,73831974697,1.09,https://www.fiscal.treasury.gov/files/reports-statements/mts/mts0920.pdf,Monthly Treasury Statement
agency,Other Civil Defense Programs,Other Civil Defense Programs,Military Retirement,Military Retirement,2020,1.78125E+11,241.26,https://www.fiscal.treasury.gov/files/reports-statements/mts/mts0920.pdf,Monthly Treasury Statement
agency,Other Civil Defense Programs,Other Civil Defense Programs,Retiree Health Care,Retiree Health Care,2020,19130570314,25.91,https://www.fiscal.treasury.gov/files/reports-statements/mts/mts0920.pdf,Monthly Treasury Statement
agency,Other Civil Defense Programs,Other Civil Defense Programs,Educational Benefits,Educational Benefits,2020,199453884,0.27,https://www.fiscal.treasury.gov/files/reports-statements/mts/mts0920.pdf,Monthly Treasury Statement
agency,Other Civil Defense Programs,Other Civil Defense Programs,Other,Other,2020,300400112.4,0.41,https://www.fiscal.treasury.gov/files/reports-statements/mts/mts0920.pdf,Monthly Treasury Statement
agency,Other Civil Defense Programs,Other Civil Defense Programs,Proprietary Receipts from the Public,Revenue from Business-Type Activities,2020,-22416634.8,-0.03,https://www.fiscal.treasury.gov/files/reports-statements/mts/mts0920.pdf,Monthly Treasury Statement
agency,Other Civil Defense Programs,Other Civil Defense Programs,Intrabudgetary Transactions,Budgetary Transactions Within the Agency,2020,-1.23901E+11,-167.82,https://www.fiscal.treasury.gov/files/reports-statements/mts/mts0920.pdf,Monthly Treasury Statement
agency,Judicial Branch,Judicial Branch,,,2020,8398099039,0.12,https://www.fiscal.treasury.gov/files/reports-statements/mts/mts0920.pdf,Monthly Treasury Statement
agency,Judicial Branch,Judicial Branch,Supreme Court of the United States,Supreme Court of the United States,2020,97969210.8,1.17,https://www.fiscal.treasury.gov/files/reports-statements/mts/mts0920.pdf,Monthly Treasury Statement
agency,Judicial Branch,Judicial Branch,"Courts of Appeals, District Courts, and Other Judicial Services","Courts of Appeals, District Courts, and Other Judicial Services",2020,8663733461,103.16,https://www.fiscal.treasury.gov/files/reports-statements/mts/mts0920.pdf,Monthly Treasury Statement
agency,Judicial Branch,Judicial Branch,Other,Other,2020,686238169.2,8.17,https://www.fiscal.treasury.gov/files/reports-statements/mts/mts0920.pdf,Monthly Treasury Statement
agency,Judicial Branch,Judicial Branch,Proprietary Receipts from the Public,Revenue from Business-Type Activities,2020,-160079931.6,-1.91,https://www.fiscal.treasury.gov/files/reports-statements/mts/mts0920.pdf,Monthly Treasury Statement
agency,Judicial Branch,Judicial Branch,Intrabudgetary Transactions,Budgetary Transactions Within the Agency,2020,-889761868.8,-10.59,https://www.fiscal.treasury.gov/files/reports-statements/mts/mts0920.pdf,Monthly Treasury Statement
agency,Environmental Protection Agency,Environmental Protection Agency,,,2020,8958831700,0.13,https://www.fiscal.treasury.gov/files/reports-statements/mts/mts0920.pdf,Monthly Treasury Statement
agency,Environmental Protection Agency,Environmental Protection Agency,Science and Technology,Science and Technology,2020,728145500.4,8.13,https://www.fiscal.treasury.gov/files/reports-statements/mts/mts0920.pdf,Monthly Treasury Statement
agency,Environmental Protection Agency,Environmental Protection Agency,Environmental Programs and Management,Environmental Programs and Management,2020,2522275009,28.15,https://www.fiscal.treasury.gov/files/reports-statements/mts/mts0920.pdf,Monthly Treasury Statement
agency,Environmental Protection Agency,Environmental Protection Agency,State and Tribal Assistance Grants,State and Tribal Assistance Grants,2020,4256562820,47.51,https://www.fiscal.treasury.gov/files/reports-statements/mts/mts0920.pdf,Monthly Treasury Statement
agency,Environmental Protection Agency,Environmental Protection Agency,Payment to the Hazardous Substance Superfund,Payment to the Hazardous Substance Superfund,2020,1291842508,14.42,https://www.fiscal.treasury.gov/files/reports-statements/mts/mts0920.pdf,Monthly Treasury Statement
agency,Environmental Protection Agency,Environmental Protection Agency,Hazardous Substance Superfund,Hazardous Substance Superfund,2020,1508901419,16.84,https://www.fiscal.treasury.gov/files/reports-statements/mts/mts0920.pdf,Monthly Treasury Statement
agency,Environmental Protection Agency,Environmental Protection Agency,Other,Other,2020,220305586.8,2.46,https://www.fiscal.treasury.gov/files/reports-statements/mts/mts0920.pdf,Monthly Treasury Statement
agency,Environmental Protection Agency,Environmental Protection Agency,Proprietary Receipts from the Public,Revenue from Business-Type Activities,2020,-265637016,-2.97,https://www.fiscal.treasury.gov/files/reports-statements/mts/mts0920.pdf,Monthly Treasury Statement
agency,Environmental Protection Agency,Environmental Protection Agency,Intrabudgetary Transactions,Budgetary Transactions Within the Agency,2020,-1275511258,-14.24,https://www.fiscal.treasury.gov/files/reports-statements/mts/mts0920.pdf,Monthly Treasury Statement
agency,Environmental Protection Agency,Environmental Protection Agency,Offsetting Governmental Receipts,Offsetting Revenue,2020,-28052868,-0.31,https://www.fiscal.treasury.gov/files/reports-statements/mts/mts0920.pdf,Monthly Treasury Statement
agency,Executive Office of the President,Executive Office of the President,,,2020,412025318.4,0.01,https://www.fiscal.treasury.gov/files/reports-statements/mts/mts0920.pdf,Monthly Treasury Statement
agency,Executive Office of the President,Executive Office of the President,The White House,The White House,2020,61191020.4,14.85,https://www.fiscal.treasury.gov/files/reports-statements/mts/mts0920.pdf,Monthly Treasury Statement
agency,Executive Office of the President,Executive Office of the President,Office of Management and Budget,Office of Management and Budget,2020,104061451.2,25.26,https://www.fiscal.treasury.gov/files/reports-statements/mts/mts0920.pdf,Monthly Treasury Statement
agency,Executive Office of the President,Executive Office of the President,Unanticipated Needs,Unanticipated Needs,2020,19842465.6,4.82,https://www.fiscal.treasury.gov/files/reports-statements/mts/mts0920.pdf,Monthly Treasury Statement
agency,Executive Office of the President,Executive Office of the President,Other,Other,2020,275321827.2,66.82,https://www.fiscal.treasury.gov/files/reports-statements/mts/mts0920.pdf,Monthly Treasury Statement
agency,Executive Office of the President,Executive Office of the President,Proprietary Receipts from the Public,Revenue from Business-Type Activities,2020,-369993.6,-0.09,https://www.fiscal.treasury.gov/files/reports-statements/mts/mts0920.pdf,Monthly Treasury Statement
agency,Executive Office of the President,Executive Office of the President,Intrabudgetary Transactions,Budgetary Transactions Within the Agency,2020,-48021452.4,-11.65,https://www.fiscal.treasury.gov/files/reports-statements/mts/mts0920.pdf,Monthly Treasury Statement
agency,General Services Administration,General Services Administration,,,2020,56850784.8,0,https://www.fiscal.treasury.gov/files/reports-statements/mts/mts0920.pdf,Monthly Treasury Statement
agency,General Services Administration,General Services Administration,Real Property Activities,Real Property Activities,2020,-48745268.4,-85.74,https://www.fiscal.treasury.gov/files/reports-statements/mts/mts0920.pdf,Monthly Treasury Statement
agency,General Services Administration,General Services Administration,Supply and Technology Activities,Supply and Technology Activities,2020,-82359022.8,-144.87,https://www.fiscal.treasury.gov/files/reports-statements/mts/mts0920.pdf,Monthly Treasury Statement
agency,General Services Administration,General Services Administration,General Activities,General Activities,2020,253895041.2,446.6,https://www.fiscal.treasury.gov/files/reports-statements/mts/mts0920.pdf,Monthly Treasury Statement
agency,General Services Administration,General Services Administration,Proprietary Receipts from the Public,Revenue from Business-Type Activities,2020,-51714380.4,-90.97,https://www.fiscal.treasury.gov/files/reports-statements/mts/mts0920.pdf,Monthly Treasury Statement
agency,General Services Administration,General Services Administration,Intrabudgetary Transactions,Budgetary Transactions Within the Agency,2020,-14225583.6,-25.02,https://www.fiscal.treasury.gov/files/reports-statements/mts/mts0920.pdf,Monthly Treasury Statement
agency,International Assistance Programs,International Assistance Programs,,,2020,21593291365,0.32,https://www.fiscal.treasury.gov/files/reports-statements/mts/mts0920.pdf,Monthly Treasury Statement
agency,International Assistance Programs,International Assistance Programs,Millennium Challenge Corporation,Millennium Challenge Corporation,2020,596528698.8,2.76,https://www.fiscal.treasury.gov/files/reports-statements/mts/mts0920.pdf,Monthly Treasury Statement
agency,International Assistance Programs,International Assistance Programs,International Security Assistance,International Security Assistance,2020,13076667982,60.56,https://www.fiscal.treasury.gov/files/reports-statements/mts/mts0920.pdf,Monthly Treasury Statement
agency,International Assistance Programs,International Assistance Programs,Multilateral Assistance,Multilateral Assistance,2020,2825351891,13.08,https://www.fiscal.treasury.gov/files/reports-statements/mts/mts0920.pdf,Monthly Treasury Statement
agency,International Assistance Programs,International Assistance Programs,Agency for International Development,Agency for International Development,2020,9063383198,41.97,https://www.fiscal.treasury.gov/files/reports-statements/mts/mts0920.pdf,Monthly Treasury Statement
agency,International Assistance Programs,International Assistance Programs,Overseas Private Investment Corporation,Overseas Private Investment Corporation,2020,227820,0,https://www.fiscal.treasury.gov/files/reports-statements/mts/mts0920.pdf,Monthly Treasury Statement
agency,International Assistance Programs,International Assistance Programs,Peace Corps,Peace Corps,2020,447171739.2,2.07,https://www.fiscal.treasury.gov/files/reports-statements/mts/mts0920.pdf,Monthly Treasury Statement
agency,International Assistance Programs,International Assistance Programs,Military Sales Program,Military Sales Program,2020,-4093727394,-18.96,https://www.fiscal.treasury.gov/files/reports-statements/mts/mts0920.pdf,Monthly Treasury Statement
agency,International Assistance Programs,International Assistance Programs,Other,Other,2020,-322312568.4,-1.49,https://www.fiscal.treasury.gov/files/reports-statements/mts/mts0920.pdf,Monthly Treasury Statement
agency,National Aeronautics and Space Administration,National Aeronautics and Space Administration,,,2020,21371750818,0.32,https://www.fiscal.treasury.gov/files/reports-statements/mts/mts0920.pdf,Monthly Treasury Statement
agency,National Aeronautics and Space Administration,National Aeronautics and Space Administration,Science,Science,2020,6637836116,31.06,https://www.fiscal.treasury.gov/files/reports-statements/mts/mts0920.pdf,Monthly Treasury Statement
agency,National Aeronautics and Space Administration,National Aeronautics and Space Administration,Aeronautics,Aeronautics,2020,838937341.2,3.93,https://www.fiscal.treasury.gov/files/reports-statements/mts/mts0920.pdf,Monthly Treasury Statement
agency,National Aeronautics and Space Administration,National Aeronautics and Space Administration,Exploration,Exploration,2020,5199723138,24.33,https://www.fiscal.treasury.gov/files/reports-statements/mts/mts0920.pdf,Monthly Treasury Statement
agency,National Aeronautics and Space Administration,National Aeronautics and Space Administration,Cross Agency Support,Cross Agency Support,2020,2737756811,12.81,https://www.fiscal.treasury.gov/files/reports-statements/mts/mts0920.pdf,Monthly Treasury Statement
agency,National Aeronautics and Space Administration,National Aeronautics and Space Administration,Space Operations,Space Operations,2020,4502450690,21.07,https://www.fiscal.treasury.gov/files/reports-statements/mts/mts0920.pdf,Monthly Treasury Statement
agency,National Aeronautics and Space Administration,National Aeronautics and Space Administration,Other,Other,2020,1479559490,6.92,https://www.fiscal.treasury.gov/files/reports-statements/mts/mts0920.pdf,Monthly Treasury Statement
agency,National Aeronautics and Space Administration,National Aeronautics and Space Administration,Proprietary Receipts from the Public,Revenue from Business-Type Activities,2020,-24279850.8,-0.11,https://www.fiscal.treasury.gov/files/reports-statements/mts/mts0920.pdf,Monthly Treasury Statement
agency,National Aeronautics and Space Administration,National Aeronautics and Space Administration,Intrabudgetary Transactions,Budgetary Transactions Within the Agency,2020,-232920,0,https://www.fiscal.treasury.gov/files/reports-statements/mts/mts0920.pdf,Monthly Treasury Statement
agency,National Science Foundation,National Science Foundation,,,2020,6977273276,0.1,https://www.fiscal.treasury.gov/files/reports-statements/mts/mts0920.pdf,Monthly Treasury Statement
agency,National Science Foundation,National Science Foundation,Research and Related Activities,Research and Related Activities,2020,5503548694,78.88,https://www.fiscal.treasury.gov/files/reports-statements/mts/mts0920.pdf,Monthly Treasury Statement
agency,National Science Foundation,National Science Foundation,Education and Human Resources,Education and Human Resources,2020,910279573.2,13.05,https://www.fiscal.treasury.gov/files/reports-statements/mts/mts0920.pdf,Monthly Treasury Statement
agency,National Science Foundation,National Science Foundation,Other,Other,2020,592177795.2,8.49,https://www.fiscal.treasury.gov/files/reports-statements/mts/mts0920.pdf,Monthly Treasury Statement
agency,National Science Foundation,National Science Foundation,Proprietary Receipts from the Public,Revenue from Business-Type Activities,2020,-28732786.8,-0.41,https://www.fiscal.treasury.gov/files/reports-statements/mts/mts0920.pdf,Monthly Treasury Statement
agency,Office of Personnel Management,Office of Personnel Management,,,2020,1.05399E+11,1.56,https://www.fiscal.treasury.gov/files/reports-statements/mts/mts0920.pdf,Monthly Treasury Statement
agency,Office of Personnel Management,Office of Personnel Management,"Government Payment for Annuitants, Employees Health and Life Insurance Benefits","Government Payment for Annuitants, Employees Health and Life Insurance Benefits",2020,13150325915,12.48,https://www.fiscal.treasury.gov/files/reports-statements/mts/mts0920.pdf,Monthly Treasury Statement
agency,Office of Personnel Management,Office of Personnel Management,Postal Service Retiree Health Benefits Fund,Postal Service Retiree Health Benefits Fund,2020,3883751196,3.68,https://www.fiscal.treasury.gov/files/reports-statements/mts/mts0920.pdf,Monthly Treasury Statement
agency,Office of Personnel Management,Office of Personnel Management,Civil Service Retirement and Disability Fund,Civil Service Retirement and Disability Fund,2020,91320582628,86.64,https://www.fiscal.treasury.gov/files/reports-statements/mts/mts0920.pdf,Monthly Treasury Statement
agency,Office of Personnel Management,Office of Personnel Management,Employees Life Insurance Fund,Employees Life Insurance Fund,2020,-531956774.4,-0.5,https://www.fiscal.treasury.gov/files/reports-statements/mts/mts0920.pdf,Monthly Treasury Statement
agency,Office of Personnel Management,Office of Personnel Management,Employees and Retired Employees Health Benefits Fund,Employees and Retired Employees Health Benefits Fund,2020,-1176285343,-1.12,https://www.fiscal.treasury.gov/files/reports-statements/mts/mts0920.pdf,Monthly Treasury Statement
agency,Office of Personnel Management,Office of Personnel Management,Other,Other,2020,171796422,0.16,https://www.fiscal.treasury.gov/files/reports-statements/mts/mts0920.pdf,Monthly Treasury Statement
agency,Office of Personnel Management,Office of Personnel Management,Proprietary Receipts from the Public,Revenue from Business-Type Activities,2020,-3078756,0,https://www.fiscal.treasury.gov/files/reports-statements/mts/mts0920.pdf,Monthly Treasury Statement
agency,Office of Personnel Management,Office of Personnel Management,Intrabudgetary Transactions,Budgetary Transactions Within the Agency,2020,-1416239909,-1.34,https://www.fiscal.treasury.gov/files/reports-statements/mts/mts0920.pdf,Monthly Treasury Statement
agency,Small Business Administration,Small Business Administration,,,2020,6.75721E+11,10,https://www.fiscal.treasury.gov/files/reports-statements/mts/mts0920.pdf,Monthly Treasury Statement
agency,Small Business Administration,Small Business Administration,Salaries and Expenses,Salaries and Expenses,2020,353238088.8,0.05,https://www.fiscal.treasury.gov/files/reports-statements/mts/mts0920.pdf,Monthly Treasury Statement
agency,Small Business Administration,Small Business Administration,Business Loans Program,Business Loans Program,2020,6.26945E+11,92.78,https://www.fiscal.treasury.gov/files/reports-statements/mts/mts0920.pdf,Monthly Treasury Statement
agency,Small Business Administration,Small Business Administration,Disaster Loans Program,Disaster Loans Program,2020,26239450223,3.88,https://www.fiscal.treasury.gov/files/reports-statements/mts/mts0920.pdf,Monthly Treasury Statement
agency,Small Business Administration,Small Business Administration,Other,Other,2020,24008421583,3.55,https://www.fiscal.treasury.gov/files/reports-statements/mts/mts0920.pdf,Monthly Treasury Statement
agency,Small Business Administration,Small Business Administration,Proprietary Receipts from the Public,Revenue from Business-Type Activities,2020,-1826029045,-0.27,https://www.fiscal.treasury.gov/files/reports-statements/mts/mts0920.pdf,Monthly Treasury Statement
agency,Small Business Administration,Small Business Administration,Intrabudgetary Transactions,Budgetary Transactions Within the Agency,2020,804808.8,0,https://www.fiscal.treasury.gov/files/reports-statements/mts/mts0920.pdf,Monthly Treasury Statement
agency,Social Security Administration,Social Security Administration,,,2020,1.15743E+12,17.13,https://www.fiscal.treasury.gov/files/reports-statements/mts/mts0920.pdf,Monthly Treasury Statement
agency,Social Security Administration,Social Security Administration,Payments to Social Security Trust Funds,Payments to Social Security Trust Funds,2020,47467496311,4.1,https://www.fiscal.treasury.gov/files/reports-statements/mts/mts0920.pdf,Monthly Treasury Statement
agency,Social Security Administration,Social Security Administration,Supplemental Security Income Program,Supplemental Security Income Program,2020,66223814227,5.72,https://www.fiscal.treasury.gov/files/reports-statements/mts/mts0920.pdf,Monthly Treasury Statement
agency,Social Security Administration,Social Security Administration,Federal Old-Age and Survivors Insurance Trust Fund (Off-Budget),Federal Old-Age and Survivors Insurance Trust Fund (Off-Budget),2020,9.46327E+11,81.76,https://www.fiscal.treasury.gov/files/reports-statements/mts/mts0920.pdf,Monthly Treasury Statement
agency,Social Security Administration,Social Security Administration,Federal Disability Insurance Trust Fund (Off-Budget),Federal Disability Insurance Trust Fund (Off-Budget),2020,1.47342E+11,12.73,https://www.fiscal.treasury.gov/files/reports-statements/mts/mts0920.pdf,Monthly Treasury Statement
agency,Social Security Administration,Social Security Administration,Other,Other,2020,524144354.4,0.05,https://www.fiscal.treasury.gov/files/reports-statements/mts/mts0920.pdf,Monthly Treasury Statement
agency,Social Security Administration,Social Security Administration,Proprietary Receipts from the Public,Revenue from Business-Type Activities,2020,-2990763446,-0.26,https://www.fiscal.treasury.gov/files/reports-statements/mts/mts0920.pdf,Monthly Treasury Statement
agency,Social Security Administration,Social Security Administration,Intrabudgetary Transactions,Budgetary Transactions Within the Agency,2020,-47466094024,-4.1,https://www.fiscal.treasury.gov/files/reports-statements/mts/mts0920.pdf,Monthly Treasury Statement
agency,Independent Agencies,Independent Agencies,,,2020,23232029534,0.34,https://www.fiscal.treasury.gov/files/reports-statements/mts/mts0920.pdf,Monthly Treasury Statement
agency,Independent Agencies,Independent Agencies,Broadcasting Board of Governors,Broadcasting Board of Governors,2020,735725620.8,3.17,https://www.fiscal.treasury.gov/files/reports-statements/mts/mts0920.pdf,Monthly Treasury Statement
agency,Independent Agencies,Independent Agencies,Federal Drug Control Programs,Federal Drug Control Programs,2020,361702713.6,1.56,https://www.fiscal.treasury.gov/files/reports-statements/mts/mts0920.pdf,Monthly Treasury Statement
agency,Independent Agencies,Independent Agencies,Federal Housing Finance Agency,Federal Housing Finance Agency,2020,287922925.2,1.24,https://www.fiscal.treasury.gov/files/reports-statements/mts/mts0920.pdf,Monthly Treasury Statement
agency,Independent Agencies,Independent Agencies,Institute of Museum and Library Services,Institute of Museum and Library Services,2020,213209001.6,0.92,https://www.fiscal.treasury.gov/files/reports-statements/mts/mts0920.pdf,Monthly Treasury Statement
agency,Independent Agencies,Independent Agencies,Intelligence Community Management Account,Intelligence Community Management Account,2020,550258920,2.37,https://www.fiscal.treasury.gov/files/reports-statements/mts/mts0920.pdf,Monthly Treasury Statement
agency,Independent Agencies,Independent Agencies,Legal Services Corporation,Legal Services Corporation,2020,588000000,2.53,https://www.fiscal.treasury.gov/files/reports-statements/mts/mts0920.pdf,Monthly Treasury Statement
agency,Independent Agencies,Independent Agencies,National Archives and Records Administration,National Archives and Records Administration,2020,417772278,1.8,https://www.fiscal.treasury.gov/files/reports-statements/mts/mts0920.pdf,Monthly Treasury Statement
agency,Independent Agencies,Independent Agencies,National Credit Union Administration,National Credit Union Administration,2020,-2304889834,-9.92,https://www.fiscal.treasury.gov/files/reports-statements/mts/mts0920.pdf,Monthly Treasury Statement
agency,Independent Agencies,Independent Agencies,National Endowment for the Arts,National Endowment for the Arts,2020,172297113.6,0.74,https://www.fiscal.treasury.gov/files/reports-statements/mts/mts0920.pdf,Monthly Treasury Statement
agency,Independent Agencies,Independent Agencies,National Endowment for the Humanities,National Endowment for the Humanities,2020,158666427.6,0.68,https://www.fiscal.treasury.gov/files/reports-statements/mts/mts0920.pdf,Monthly Treasury Statement
agency,Independent Agencies,Independent Agencies,National Labor Relations Board,National Labor Relations Board,2020,271271140.8,1.17,https://www.fiscal.treasury.gov/files/reports-statements/mts/mts0920.pdf,Monthly Treasury Statement
agency,Independent Agencies,Independent Agencies,Bureau of Consumer Financial Protection,Bureau of Consumer Financial Protection,2020,503614686,2.17,https://www.fiscal.treasury.gov/files/reports-statements/mts/mts0920.pdf,Monthly Treasury Statement
agency,Independent Agencies,Independent Agencies,Nuclear Regulatory Commission,Nuclear Regulatory Commission,2020,412207750.8,1.77,https://www.fiscal.treasury.gov/files/reports-statements/mts/mts0920.pdf,Monthly Treasury Statement
agency,Independent Agencies,Independent Agencies,Postal Service,Postal Service,2020,-1676455277,-7.22,https://www.fiscal.treasury.gov/files/reports-statements/mts/mts0920.pdf,Monthly Treasury Statement
agency,Independent Agencies,Independent Agencies,Railroad Retirement Board,Railroad Retirement Board,2020,7701543810,33.15,https://www.fiscal.treasury.gov/files/reports-statements/mts/mts0920.pdf,Monthly Treasury Statement
agency,Independent Agencies,Independent Agencies,Securities and Exchange Commission,Securities and Exchange Commission,2020,1218268606,5.24,https://www.fiscal.treasury.gov/files/reports-statements/mts/mts0920.pdf,Monthly Treasury Statement
agency,Independent Agencies,Independent Agencies,Smithsonian Institution,Smithsonian Institution,2020,1222790374,5.26,https://www.fiscal.treasury.gov/files/reports-statements/mts/mts0920.pdf,Monthly Treasury Statement
agency,Independent Agencies,Independent Agencies,Tennessee Valley Authority,Tennessee Valley Authority,2020,-726781615.2,-3.13,https://www.fiscal.treasury.gov/files/reports-statements/mts/mts0920.pdf,Monthly Treasury Statement
agency,Independent Agencies,Independent Agencies,Other,Other,2020,3931183621,16.92,https://www.fiscal.treasury.gov/files/reports-statements/mts/mts0920.pdf,Monthly Treasury Statement
agency,Independent Agencies,Independent Agencies,Corporation for National and Community Service,Corporation for National and Community Service,2020,950343241.2,4.09,https://www.fiscal.treasury.gov/files/reports-statements/mts/mts0920.pdf,Monthly Treasury Statement
agency,Independent Agencies,Independent Agencies,Corporation for Public Broadcasting,Corporation for Public Broadcasting,2020,648000000,2.79,https://www.fiscal.treasury.gov/files/reports-statements/mts/mts0920.pdf,Monthly Treasury Statement
agency,Independent Agencies,Independent Agencies,District of Columbia,District of Columbia,2020,953374186.8,4.1,https://www.fiscal.treasury.gov/files/reports-statements/mts/mts0920.pdf,Monthly Treasury Statement
agency,Independent Agencies,Independent Agencies,Equal Employment Opportunity Commission,Equal Employment Opportunity Commission,2020,391248084,1.68,https://www.fiscal.treasury.gov/files/reports-statements/mts/mts0920.pdf,Monthly Treasury Statement
agency,Independent Agencies,Independent Agencies,Export-Import Bank of the United States,Export-Import Bank of the United States,2020,-2784363.6,-0.01,https://www.fiscal.treasury.gov/files/reports-statements/mts/mts0920.pdf,Monthly Treasury Statement
agency,Independent Agencies,Independent Agencies,Federal Communications Commission,Federal Communications Commission,2020,10388760467,44.72,https://www.fiscal.treasury.gov/files/reports-statements/mts/mts0920.pdf,Monthly Treasury Statement
agency,Independent Agencies,Independent Agencies,Federal Deposit Insurance Corporation,Federal Deposit Insurance Corporation,2020,-4135220344,-17.8,https://www.fiscal.treasury.gov/files/reports-statements/mts/mts0920.pdf,Monthly Treasury Statement
agency,Department of Agriculture,Department of Agriculture,,,2020,1.79343E+11,2.65,https://www.fiscal.treasury.gov/files/reports-statements/mts/mts0920.pdf,Monthly Treasury Statement
agency,Department of Agriculture,Department of Agriculture,Agricultural Research Service,Agricultural Research Service,2020,1370997988,0.76,https://www.fiscal.treasury.gov/files/reports-statements/mts/mts0920.pdf,Monthly Treasury Statement
agency,Department of Agriculture,Department of Agriculture,Rural Housing Service,Rural Housing Service,2020,1569096552,0.87,https://www.fiscal.treasury.gov/files/reports-statements/mts/mts0920.pdf,Monthly Treasury Statement
agency,Department of Agriculture,Department of Agriculture,Rural Utilities Service,Rural Utilities Service,2020,2816782697,1.57,https://www.fiscal.treasury.gov/files/reports-statements/mts/mts0920.pdf,Monthly Treasury Statement
agency,Department of Agriculture,Department of Agriculture,Foreign Agricultural Service,Foreign Agricultural Service,2020,2018378980,1.13,https://www.fiscal.treasury.gov/files/reports-statements/mts/mts0920.pdf,Monthly Treasury Statement
agency,Department of Agriculture,Department of Agriculture,Food and Nutrition Service,Food and Nutrition Service,2020,1.11803E+11,62.34,https://www.fiscal.treasury.gov/files/reports-statements/mts/mts0920.pdf,Monthly Treasury Statement
agency,Department of Agriculture,Department of Agriculture,Forest Service,Forest Service,2020,5734966788,3.2,https://www.fiscal.treasury.gov/files/reports-statements/mts/mts0920.pdf,Monthly Treasury Statement
agency,Department of Agriculture,Department of Agriculture,Other,Other,2020,12901725211,7.19,https://www.fiscal.treasury.gov/files/reports-statements/mts/mts0920.pdf,Monthly Treasury Statement
agency,Department of Agriculture,Department of Agriculture,Proprietary Receipts from the Public,Revenue from Business-Type Activities,2020,-1224715054,-0.68,https://www.fiscal.treasury.gov/files/reports-statements/mts/mts0920.pdf,Monthly Treasury Statement
agency,Department of Agriculture,Department of Agriculture,Intrabudgetary Transactions,Budgetary Transactions Within the Agency,2020,128064775.2,0.07,https://www.fiscal.treasury.gov/files/reports-statements/mts/mts0920.pdf,Monthly Treasury Statement
agency,Department of Agriculture,Department of Agriculture,National Institute of Food and Agriculture,National Institute of Food and Agriculture,2020,1320263810,0.74,https://www.fiscal.treasury.gov/files/reports-statements/mts/mts0920.pdf,Monthly Treasury Statement
agency,Department of Agriculture,Department of Agriculture,Animal and Plant Health Inspection Service,Animal and Plant Health Inspection Service,2020,1407434303,0.78,https://www.fiscal.treasury.gov/files/reports-statements/mts/mts0920.pdf,Monthly Treasury Statement
agency,Department of Agriculture,Department of Agriculture,Food Safety and Inspection Service,Food Safety and Inspection Service,2020,1075839451,0.6,https://www.fiscal.treasury.gov/files/reports-statements/mts/mts0920.pdf,Monthly Treasury Statement
agency,Department of Agriculture,Department of Agriculture,Agricultural Marketing Service,Agricultural Marketing Service,2020,1335568002,0.74,https://www.fiscal.treasury.gov/files/reports-statements/mts/mts0920.pdf,Monthly Treasury Statement
agency,Department of Agriculture,Department of Agriculture,Risk Management Agency,Risk Management Agency,2020,9652103070,5.38,https://www.fiscal.treasury.gov/files/reports-statements/mts/mts0920.pdf,Monthly Treasury Statement
agency,Department of Agriculture,Department of Agriculture,Farm Service Agency,Farm Service Agency,2020,22773218568,12.7,https://www.fiscal.treasury.gov/files/reports-statements/mts/mts0920.pdf,Monthly Treasury Statement
agency,Department of Agriculture,Department of Agriculture,Natural Resources Conservation Service,Natural Resources Conservation Service,2020,4486079402,2.5,https://www.fiscal.treasury.gov/files/reports-statements/mts/mts0920.pdf,Monthly Treasury Statement
agency,Department of Agriculture,Department of Agriculture,Rural Development,Rural Development,2020,174432190.8,0.1,https://www.fiscal.treasury.gov/files/reports-statements/mts/mts0920.pdf,Monthly Treasury Statement
agency,Undistributed Offsetting Receipts,Offsetting Revenue Collected But Not Attributed to Agencies,,,2020,-2.55395E+11,-3.78,https://www.fiscal.treasury.gov/files/reports-statements/mts/mts0920.pdf,Monthly Treasury Statement
agency,Undistributed Offsetting Receipts,Offsetting Revenue Collected But Not Attributed to Agencies,Other Interest,Other Interest,2020,-725578.8,0,https://www.fiscal.treasury.gov/files/reports-statements/mts/mts0920.pdf,Monthly Treasury Statement
agency,Undistributed Offsetting Receipts,Offsetting Revenue Collected But Not Attributed to Agencies,"Employer Share, Employee Retirement",Employer Contribution to Employee Retirement,2020,-1.02936E+11,40.3,https://www.fiscal.treasury.gov/files/reports-statements/mts/mts0920.pdf,Monthly Treasury Statement
agency,Undistributed Offsetting Receipts,Offsetting Revenue Collected But Not Attributed to Agencies,Interest Received by Trust Funds,Interest Received by Trust Funds,2020,-1.48547E+11,58.16,https://www.fiscal.treasury.gov/files/reports-statements/mts/mts0920.pdf,Monthly Treasury Statement
agency,Undistributed Offsetting Receipts,Offsetting Revenue Collected But Not Attributed to Agencies,Rents and Royalties on the Outer Continental Shelf Lands,Rents and Royalties on the Outer Continental Shelf Lands,2020,-3910352480,1.53,https://www.fiscal.treasury.gov/files/reports-statements/mts/mts0920.pdf,Monthly Treasury Statement
agency,Undistributed Offsetting Receipts,Offsetting Revenue Collected But Not Attributed to Agencies,Spectrum Auction Proceeds,Spectrum Auction Proceeds,2020,0,0,https://www.fiscal.treasury.gov/files/reports-statements/mts/mts0920.pdf,Monthly Treasury Statement
agency,Department of Commerce,Department of Commerce,,,2020,15498758351,0.23,https://www.fiscal.treasury.gov/files/reports-statements/mts/mts0920.pdf,Monthly Treasury Statement
agency,Department of Commerce,Department of Commerce,Economic Development Administration,Economic Development Administration,2020,328969747.2,2.12,https://www.fiscal.treasury.gov/files/reports-statements/mts/mts0920.pdf,Monthly Treasury Statement
agency,Department of Commerce,Department of Commerce,Offsetting Governmental Receipts,Offsetting Revenue,2020,-1749841.2,-0.01,https://www.fiscal.treasury.gov/files/reports-statements/mts/mts0920.pdf,Monthly Treasury Statement
agency,Department of Commerce,Department of Commerce,Bureau of the Census,Bureau of the Census,2020,5709390235,36.84,https://www.fiscal.treasury.gov/files/reports-statements/mts/mts0920.pdf,Monthly Treasury Statement
agency,Department of Commerce,Department of Commerce,International Trade Administration,International Trade Administration,2020,508470585.6,3.28,https://www.fiscal.treasury.gov/files/reports-statements/mts/mts0920.pdf,Monthly Treasury Statement
agency,Department of Commerce,Department of Commerce,National Oceanic and Atmospheric Administration,National Oceanic and Atmospheric Administration,2020,5681300946,36.66,https://www.fiscal.treasury.gov/files/reports-statements/mts/mts0920.pdf,Monthly Treasury Statement
agency,Department of Commerce,Department of Commerce,National Institute of Standards and Technology,National Institute of Standards and Technology,2020,1056021389,6.81,https://www.fiscal.treasury.gov/files/reports-statements/mts/mts0920.pdf,Monthly Treasury Statement
agency,Department of Commerce,Department of Commerce,National Telecommunications and Information Administration,National Telecommunications and Information Administration,2020,1809489779,11.68,https://www.fiscal.treasury.gov/files/reports-statements/mts/mts0920.pdf,Monthly Treasury Statement
agency,Department of Commerce,Department of Commerce,Other,Other,2020,401089382.4,2.59,https://www.fiscal.treasury.gov/files/reports-statements/mts/mts0920.pdf,Monthly Treasury Statement
agency,Department of Commerce,Department of Commerce,Proprietary Receipts from the Public,Revenue from Business-Type Activities,2020,4035822,0.03,https://www.fiscal.treasury.gov/files/reports-statements/mts/mts0920.pdf,Monthly Treasury Statement
agency,Department of Commerce,Department of Commerce,Intrabudgetary Transactions,Budgetary Transactions Within the Agency,2020,1740304.8,0.01,https://www.fiscal.treasury.gov/files/reports-statements/mts/mts0920.pdf,Monthly Treasury Statement
agency,Department of Defense - Military Programs,Department of Defense - Military Programs,,,2020,6.9455E+11,10.28,https://www.fiscal.treasury.gov/files/reports-statements/mts/mts0920.pdf,Monthly Treasury Statement
agency,Department of Defense - Military Programs,Department of Defense - Military Programs,Military Personnel,Military Personnel,2020,1.679E+11,24.17,https://www.fiscal.treasury.gov/files/reports-statements/mts/mts0920.pdf,Monthly Treasury Statement
agency,Department of Defense - Military Programs,Department of Defense - Military Programs,Trust Funds,Trust Funds,2020,456238990.8,0.07,https://www.fiscal.treasury.gov/files/reports-statements/mts/mts0920.pdf,Monthly Treasury Statement
agency,Department of Defense - Military Programs,Department of Defense - Military Programs,Proprietary Receipts from the Public,Revenue from Business-Type Activities,2020,-1274413717,-0.18,https://www.fiscal.treasury.gov/files/reports-statements/mts/mts0920.pdf,Monthly Treasury Statement
agency,Department of Defense - Military Programs,Department of Defense - Military Programs,Intrabudgetary Transactions,Budgetary Transactions Within the Agency,2020,-212038269.6,-0.03,https://www.fiscal.treasury.gov/files/reports-statements/mts/mts0920.pdf,Monthly Treasury Statement
agency,Department of Defense - Military Programs,Department of Defense - Military Programs,Offsetting Governmental Receipts,Offsetting Revenue,2020,-604135456.8,-0.09,https://www.fiscal.treasury.gov/files/reports-statements/mts/mts0920.pdf,Monthly Treasury Statement
agency,Department of Defense - Military Programs,Department of Defense - Military Programs,Operation and Maintenance,Operation and Maintenance,2020,2.75227E+11,39.63,https://www.fiscal.treasury.gov/files/reports-statements/mts/mts0920.pdf,Monthly Treasury Statement
agency,Department of Defense - Military Programs,Department of Defense - Military Programs,International Reconstruction and Other Assistance,International Reconstruction and Other Assistance,2020,4178.4,0,https://www.fiscal.treasury.gov/files/reports-statements/mts/mts0920.pdf,Monthly Treasury Statement
agency,Department of Defense - Military Programs,Department of Defense - Military Programs,Procurement,Procurement,2020,1.39159E+11,20.04,https://www.fiscal.treasury.gov/files/reports-statements/mts/mts0920.pdf,Monthly Treasury Statement
agency,Department of Defense - Military Programs,Department of Defense - Military Programs,"Research, Development, Test, and Evaluation","Research, Development, Test, and Evaluation",2020,99813061164,14.37,https://www.fiscal.treasury.gov/files/reports-statements/mts/mts0920.pdf,Monthly Treasury Statement
agency,Department of Defense - Military Programs,Department of Defense - Military Programs,Military Construction,Military Construction,2020,8734202004,1.26,https://www.fiscal.treasury.gov/files/reports-statements/mts/mts0920.pdf,Monthly Treasury Statement
agency,Department of Defense - Military Programs,Department of Defense - Military Programs,Family Housing,Family Housing,2020,1210633226,0.17,https://www.fiscal.treasury.gov/files/reports-statements/mts/mts0920.pdf,Monthly Treasury Statement
agency,Department of Defense - Military Programs,Department of Defense - Military Programs,Revolving and Management Funds,Revolving and Management Funds,2020,4095491816,0.59,https://www.fiscal.treasury.gov/files/reports-statements/mts/mts0920.pdf,Monthly Treasury Statement
agency,Department of Defense - Military Programs,Department of Defense - Military Programs,Allowances,Allowances,2020,44538517.2,0.01,https://www.fiscal.treasury.gov/files/reports-statements/mts/mts0920.pdf,Monthly Treasury Statement
agency,Department of Education,Department of Education,,,2020,1.70084E+11,2.52,https://www.fiscal.treasury.gov/files/reports-statements/mts/mts0920.pdf,Monthly Treasury Statement
agency,Department of Education,Department of Education,Office of Elementary and Secondary Education,Office of Elementary and Secondary Education,2020,33952240986,19.96,https://www.fiscal.treasury.gov/files/reports-statements/mts/mts0920.pdf,Monthly Treasury Statement
agency,Department of Education,Department of Education,Other,Other,2020,289570310.4,0.17,https://www.fiscal.treasury.gov/files/reports-statements/mts/mts0920.pdf,Monthly Treasury Statement
agency,Department of Education,Department of Education,Proprietary Receipts from the Public,Revenue from Business-Type Activities,2020,-14736340772,-8.66,https://www.fiscal.treasury.gov/files/reports-statements/mts/mts0920.pdf,Monthly Treasury Statement
agency,Department of Education,Department of Education,Intrabudgetary Transactions,Budgetary Transactions Within the Agency,2020,13628708.4,0.01,https://www.fiscal.treasury.gov/files/reports-statements/mts/mts0920.pdf,Monthly Treasury Statement
agency,Department of Education,Department of Education,Office of Innovation and Improvement,Office of Innovation and Improvement,2020,875762325.6,0.51,https://www.fiscal.treasury.gov/files/reports-statements/mts/mts0920.pdf,Monthly Treasury Statement
agency,Department of Education,Department of Education,Office of English Language Acquisition,Office of English Language Acquisition,2020,729718270.8,0.43,https://www.fiscal.treasury.gov/files/reports-statements/mts/mts0920.pdf,Monthly Treasury Statement
agency,Department of Education,Department of Education,Office of Special Education and Rehabilitative Services,Office of Special Education and Rehabilitative Services,2020,16634198810,9.78,https://www.fiscal.treasury.gov/files/reports-statements/mts/mts0920.pdf,Monthly Treasury Statement
agency,Department of Education,Department of Education,Office of Vocational and Adult Education,Office of Vocational and Adult Education,2020,1704762654,1,https://www.fiscal.treasury.gov/files/reports-statements/mts/mts0920.pdf,Monthly Treasury Statement
agency,Department of Education,Department of Education,Office of Postsecondary Education,Office of Postsecondary Education,2020,2645133892,1.56,https://www.fiscal.treasury.gov/files/reports-statements/mts/mts0920.pdf,Monthly Treasury Statement
agency,Department of Education,Department of Education,Office of Federal Student Aid,Office of Federal Student Aid,2020,1.26825E+11,74.57,https://www.fiscal.treasury.gov/files/reports-statements/mts/mts0920.pdf,Monthly Treasury Statement
agency,Department of Education,Department of Education,Institute of Education Sciences,Institute of Education Sciences,2020,580228008,0.34,https://www.fiscal.treasury.gov/files/reports-statements/mts/mts0920.pdf,Monthly Treasury Statement
agency,Department of Education,Department of Education,Departmental Management,Departmental Management,2020,569786511.6,0.34,https://www.fiscal.treasury.gov/files/reports-statements/mts/mts0920.pdf,Monthly Treasury Statement
agency,Department of Energy,Department of Energy,,,2020,31855601434,0.47,https://www.fiscal.treasury.gov/files/reports-statements/mts/mts0920.pdf,Monthly Treasury Statement
agency,Department of Energy,Department of Energy,National Nuclear Security Administration,National Nuclear Security Administration,2020,15148026136,47.55,https://www.fiscal.treasury.gov/files/reports-statements/mts/mts0920.pdf,Monthly Treasury Statement
agency,Department of Energy,Department of Energy,Environmental and Other Defense Activities,Environmental and Other Defense Activities,2020,6856040141,21.52,https://www.fiscal.treasury.gov/files/reports-statements/mts/mts0920.pdf,Monthly Treasury Statement
agency,Department of Energy,Department of Energy,Energy Programs,Energy Programs,2020,12438416968,39.05,https://www.fiscal.treasury.gov/files/reports-statements/mts/mts0920.pdf,Monthly Treasury Statement
agency,Department of Energy,Department of Energy,Power Marketing Administration,Power Marketing Administration,2020,291435160.8,0.91,https://www.fiscal.treasury.gov/files/reports-statements/mts/mts0920.pdf,Monthly Treasury Statement
agency,Department of Energy,Department of Energy,Departmental Administration,Departmental Administration,2020,255552704.4,0.8,https://www.fiscal.treasury.gov/files/reports-statements/mts/mts0920.pdf,Monthly Treasury Statement
agency,Department of Energy,Department of Energy,Proprietary Receipts from the Public,Revenue from Business-Type Activities,2020,-1597318026,-5.01,https://www.fiscal.treasury.gov/files/reports-statements/mts/mts0920.pdf,Monthly Treasury Statement
agency,Department of Energy,Department of Energy,Intrabudgetary Transactions,Budgetary Transactions Within the Agency,2020,-1536551650,-4.82,https://www.fiscal.treasury.gov/files/reports-statements/mts/mts0920.pdf,Monthly Treasury Statement
agency,Department of Health and Human Services,Department of Health and Human Services,,,2020,1.55767E+12,23.05,https://www.fiscal.treasury.gov/files/reports-statements/mts/mts0920.pdf,Monthly Treasury Statement
agency,Department of Health and Human Services,Department of Health and Human Services,Food and Drug Administration,Food and Drug Administration,2020,3760126924,0.24,https://www.fiscal.treasury.gov/files/reports-statements/mts/mts0920.pdf,Monthly Treasury Statement
agency,Department of Health and Human Services,Department of Health and Human Services,Administration for Community Living,Administration for Community Living,2020,2425911289,0.16,https://www.fiscal.treasury.gov/files/reports-statements/mts/mts0920.pdf,Monthly Treasury Statement
agency,Department of Health and Human Services,Department of Health and Human Services,Departmental Management,Departmental Management,2020,1.19068E+11,7.64,https://www.fiscal.treasury.gov/files/reports-statements/mts/mts0920.pdf,Monthly Treasury Statement
agency,Department of Health and Human Services,Department of Health and Human Services,Other,Other,2020,1076336026,0.07,https://www.fiscal.treasury.gov/files/reports-statements/mts/mts0920.pdf,Monthly Treasury Statement
agency,Department of Health and Human Services,Department of Health and Human Services,Proprietary Receipts from the Public,Revenue from Business-Type Activities,2020,-1.3938E+11,-8.95,https://www.fiscal.treasury.gov/files/reports-statements/mts/mts0920.pdf,Monthly Treasury Statement
agency,Department of Health and Human Services,Department of Health and Human Services,Intrabudgetary Transactions,Budgetary Transactions Within the Agency,2020,-3.89237E+11,-24.99,https://www.fiscal.treasury.gov/files/reports-statements/mts/mts0920.pdf,Monthly Treasury Statement
agency,Department of Health and Human Services,Department of Health and Human Services,Health Resources and Services Administration,Health Resources and Services Administration,2020,11834056944,0.76,https://www.fiscal.treasury.gov/files/reports-statements/mts/mts0920.pdf,Monthly Treasury Statement
agency,Department of Health and Human Services,Department of Health and Human Services,Indian Health Service,Indian Health Service,2020,6732286900,0.43,https://www.fiscal.treasury.gov/files/reports-statements/mts/mts0920.pdf,Monthly Treasury Statement
agency,Department of Health and Human Services,Department of Health and Human Services,Centers for Disease Control and Prevention,Centers for Disease Control and Prevention,2020,8363573563,0.54,https://www.fiscal.treasury.gov/files/reports-statements/mts/mts0920.pdf,Monthly Treasury Statement
agency,Department of Health and Human Services,Department of Health and Human Services,National Institutes of Health,National Institutes of Health,2020,36456588278,2.34,https://www.fiscal.treasury.gov/files/reports-statements/mts/mts0920.pdf,Monthly Treasury Statement
agency,Department of Health and Human Services,Department of Health and Human Services,Substance Abuse and Mental Health Services Administration,Substance Abuse and Mental Health Services Administration,2020,5228726539,0.34,https://www.fiscal.treasury.gov/files/reports-statements/mts/mts0920.pdf,Monthly Treasury Statement
agency,Department of Health and Human Services,Department of Health and Human Services,Agency for Healthcare Research and Quality,Agency for Healthcare Research and Quality,2020,342844108.8,0.02,https://www.fiscal.treasury.gov/files/reports-statements/mts/mts0920.pdf,Monthly Treasury Statement
agency,Department of Health and Human Services,Department of Health and Human Services,Centers for Medicare and Medicaid Services,Centers for Medicare and Medicaid Services,2020,1.83125E+12,117.56,https://www.fiscal.treasury.gov/files/reports-statements/mts/mts0920.pdf,Monthly Treasury Statement
agency,Department of Health and Human Services,Department of Health and Human Services,Administration for Children and Families,Administration for Children and Families,2020,59757972304,3.84,https://www.fiscal.treasury.gov/files/reports-statements/mts/mts0920.pdf,Monthly Treasury Statement
agency,Department of Homeland Security,Department of Homeland Security,,,2020,63588894691,0.94,https://www.fiscal.treasury.gov/files/reports-statements/mts/mts0920.pdf,Monthly Treasury Statement
agency,Department of Homeland Security,Department of Homeland Security,Departmental Management and Operations,Departmental Management and Operations,2020,1723751850,2.71,https://www.fiscal.treasury.gov/files/reports-statements/mts/mts0920.pdf,Monthly Treasury Statement
agency,Department of Homeland Security,Department of Homeland Security,Science and Technology,Science and Technology,2020,806028008.4,1.27,https://www.fiscal.treasury.gov/files/reports-statements/mts/mts0920.pdf,Monthly Treasury Statement
agency,Department of Homeland Security,Department of Homeland Security,Domestic Nuclear Detection Office,Domestic Nuclear Detection Office,2020,286011584.4,0.45,https://www.fiscal.treasury.gov/files/reports-statements/mts/mts0920.pdf,Monthly Treasury Statement
agency,Department of Homeland Security,Department of Homeland Security,Other,Other,2020,492844884,0.78,https://www.fiscal.treasury.gov/files/reports-statements/mts/mts0920.pdf,Monthly Treasury Statement
agency,Department of Homeland Security,Department of Homeland Security,Proprietary Receipts from the Public,Revenue from Business-Type Activities,2020,-1097709197,-1.73,https://www.fiscal.treasury.gov/files/reports-statements/mts/mts0920.pdf,Monthly Treasury Statement
agency,Department of Homeland Security,Department of Homeland Security,Intrabudgetary Transactions,Budgetary Transactions Within the Agency,2020,77438610,0.12,https://www.fiscal.treasury.gov/files/reports-statements/mts/mts0920.pdf,Monthly Treasury Statement
agency,Department of Homeland Security,Department of Homeland Security,Offsetting Governmental Receipts,Offsetting Revenue,2020,-10483616545,-16.49,https://www.fiscal.treasury.gov/files/reports-statements/mts/mts0920.pdf,Monthly Treasury Statement
agency,Department of Homeland Security,Department of Homeland Security,Citizenship and Immigration Services,Citizenship and Immigration Services,2020,4431189792,6.97,https://www.fiscal.treasury.gov/files/reports-statements/mts/mts0920.pdf,Monthly Treasury Statement
agency,Department of Homeland Security,Department of Homeland Security,United States Secret Service,United States Secret Service,2020,2535811651,3.99,https://www.fiscal.treasury.gov/files/reports-statements/mts/mts0920.pdf,Monthly Treasury Statement
agency,Department of Homeland Security,Department of Homeland Security,Transportation Security Administration,Transportation Security Administration,2020,7234419713,11.38,https://www.fiscal.treasury.gov/files/reports-statements/mts/mts0920.pdf,Monthly Treasury Statement
agency,Department of Homeland Security,Department of Homeland Security,Immigration and Customs Enforcement,Immigration and Customs Enforcement,2020,8063450080,12.68,https://www.fiscal.treasury.gov/files/reports-statements/mts/mts0920.pdf,Monthly Treasury Statement
agency,Department of Homeland Security,Department of Homeland Security,U.S. Customs and Border Protection,U.S. Customs and Border Protection,2020,16722810204,26.3,https://www.fiscal.treasury.gov/files/reports-statements/mts/mts0920.pdf,Monthly Treasury Statement
agency,Department of Homeland Security,Department of Homeland Security,United States Coast Guard,United States Coast Guard,2020,11733765116,18.45,https://www.fiscal.treasury.gov/files/reports-statements/mts/mts0920.pdf,Monthly Treasury Statement
agency,Department of Homeland Security,Department of Homeland Security,National Protection and Programs Directorate,National Protection and Programs Directorate,2020,1932538834,3.04,https://www.fiscal.treasury.gov/files/reports-statements/mts/mts0920.pdf,Monthly Treasury Statement
agency,Department of Homeland Security,Department of Homeland Security,Federal Emergency Management Agency,Federal Emergency Management Agency,2020,19130160107,30.08,https://www.fiscal.treasury.gov/files/reports-statements/mts/mts0920.pdf,Monthly Treasury Statement
category,National Defense,National Defense,,,2020,7.30007E+11,10.8,https://www.fiscal.treasury.gov/files/reports-statements/mts/mts0920.pdf,Monthly Treasury Statement
category,National Defense,National Defense,Atomic energy defense activities,Atomic Energy Defense Activities,2020,23934031931,3.28,https://www.fiscal.treasury.gov/files/reports-statements/mts/mts0920.pdf,Monthly Treasury Statement
category,National Defense,National Defense,Defense-related activities,Defense-Related Activities,2020,11522769124,1.58,https://www.fiscal.treasury.gov/files/reports-statements/mts/mts0920.pdf,Monthly Treasury Statement
category,National Defense,National Defense,Department of Defense-Military,Department of Defense - Military Programs,2020,6.9455E+11,95.14,https://www.fiscal.treasury.gov/files/reports-statements/mts/mts0920.pdf,Monthly Treasury Statement
category,International Affairs,International Affairs,,,2020,68388481498,1.01,https://www.fiscal.treasury.gov/files/reports-statements/mts/mts0920.pdf,Monthly Treasury Statement
category,International Affairs,International Affairs,Conduct of foreign affairs,Foreign Affairs,2020,15597427664,22.81,https://www.fiscal.treasury.gov/files/reports-statements/mts/mts0920.pdf,Monthly Treasury Statement
category,International Affairs,International Affairs,Foreign information and exchange activities,Foreign Information and Exchange Activities,2020,1602208523,2.34,https://www.fiscal.treasury.gov/files/reports-statements/mts/mts0920.pdf,Monthly Treasury Statement
category,International Affairs,International Affairs,International development and humanitarian assistance,International Development and Humanitarian Assistance,2020,28586135915,41.8,https://www.fiscal.treasury.gov/files/reports-statements/mts/mts0920.pdf,Monthly Treasury Statement
category,International Affairs,International Affairs,International financial programs,International Financial Programs,2020,9512195959,13.91,https://www.fiscal.treasury.gov/files/reports-statements/mts/mts0920.pdf,Monthly Treasury Statement
category,International Affairs,International Affairs,International security assistance,International Security Assistance,2020,13090513436,19.14,https://www.fiscal.treasury.gov/files/reports-statements/mts/mts0920.pdf,Monthly Treasury Statement
category,"General Science, Space, and Technology","General Science, Space, and Technology",,,2020,33626807975,0.5,https://www.fiscal.treasury.gov/files/reports-statements/mts/mts0920.pdf,Monthly Treasury Statement
category,"General Science, Space, and Technology","General Science, Space, and Technology",General science and basic research,General Science and Basic Research,2020,13070381729,38.87,https://www.fiscal.treasury.gov/files/reports-statements/mts/mts0920.pdf,Monthly Treasury Statement
category,"General Science, Space, and Technology","General Science, Space, and Technology","Space flight, research, and supporting activities","Space Flight, Research, and Supporting Activities",2020,20556426247,61.13,https://www.fiscal.treasury.gov/files/reports-statements/mts/mts0920.pdf,Monthly Treasury Statement
category,Energy,Energy,,,2020,7041557046,0.1,https://www.fiscal.treasury.gov/files/reports-statements/mts/mts0920.pdf,Monthly Treasury Statement
category,Energy,Energy,Emergency energy preparedness,Emergency Energy Preparedness,2020,-371122320,-5.27,https://www.fiscal.treasury.gov/files/reports-statements/mts/mts0920.pdf,Monthly Treasury Statement
category,Energy,Energy,Energy conservation,Energy Conservation,2020,2063955320,29.31,https://www.fiscal.treasury.gov/files/reports-statements/mts/mts0920.pdf,Monthly Treasury Statement
category,Energy,Energy,"Energy information, policy, and regulation","Energy Information, Policy, and Regulation",2020,782438052,11.11,https://www.fiscal.treasury.gov/files/reports-statements/mts/mts0920.pdf,Monthly Treasury Statement
category,Energy,Energy,Energy supply,Energy Supply,2020,4566285992,64.85,https://www.fiscal.treasury.gov/files/reports-statements/mts/mts0920.pdf,Monthly Treasury Statement
category,Natural Resources and Environment,Natural Resources and Environment,,,2020,41253825823,0.61,https://www.fiscal.treasury.gov/files/reports-statements/mts/mts0920.pdf,Monthly Treasury Statement
category,Natural Resources and Environment,Natural Resources and Environment,Conservation and land management,Conservation and Land Management,2020,10608672522,25.72,https://www.fiscal.treasury.gov/files/reports-statements/mts/mts0920.pdf,Monthly Treasury Statement
category,Natural Resources and Environment,Natural Resources and Environment,Other natural resources,Other Natural Resources,2020,7017452963,17.01,https://www.fiscal.treasury.gov/files/reports-statements/mts/mts0920.pdf,Monthly Treasury Statement
category,Natural Resources and Environment,Natural Resources and Environment,Pollution control and abatement,Pollution Control and Abatement,2020,9402955195,22.79,https://www.fiscal.treasury.gov/files/reports-statements/mts/mts0920.pdf,Monthly Treasury Statement
category,Natural Resources and Environment,Natural Resources and Environment,Recreational resources,Recreational Resources,2020,4276320251,10.37,https://www.fiscal.treasury.gov/files/reports-statements/mts/mts0920.pdf,Monthly Treasury Statement
category,Natural Resources and Environment,Natural Resources and Environment,Water resources,Water Resources,2020,9948424892,24.12,https://www.fiscal.treasury.gov/files/reports-statements/mts/mts0920.pdf,Monthly Treasury Statement
category,Agriculture,Agriculture,,,2020,49340707136,0.73,https://www.fiscal.treasury.gov/files/reports-statements/mts/mts0920.pdf,Monthly Treasury Statement
category,Agriculture,Agriculture,Agricultural research and services,Agricultural Research and Services,2020,17095669208,34.65,https://www.fiscal.treasury.gov/files/reports-statements/mts/mts0920.pdf,Monthly Treasury Statement
category,Agriculture,Agriculture,Farm income stabilization,Farm Income Stabilization,2020,32245037929,65.35,https://www.fiscal.treasury.gov/files/reports-statements/mts/mts0920.pdf,Monthly Treasury Statement
category,Commerce and Housing Credit,Commerce and Housing Credit,,,2020,6.70672E+11,9.93,https://www.fiscal.treasury.gov/files/reports-statements/mts/mts0920.pdf,Monthly Treasury Statement
category,Commerce and Housing Credit,Commerce and Housing Credit,Deposit insurance,Deposit Insurance,2020,-6028315367,-0.9,https://www.fiscal.treasury.gov/files/reports-statements/mts/mts0920.pdf,Monthly Treasury Statement
category,Commerce and Housing Credit,Commerce and Housing Credit,Mortgage credit,Mortgage Credit,2020,-27219267350,-4.06,https://www.fiscal.treasury.gov/files/reports-statements/mts/mts0920.pdf,Monthly Treasury Statement
category,Commerce and Housing Credit,Commerce and Housing Credit,Other advancement of commerce,Other Advancement of Commerce,2020,7.05596E+11,105.21,https://www.fiscal.treasury.gov/files/reports-statements/mts/mts0920.pdf,Monthly Treasury Statement
category,Commerce and Housing Credit,Commerce and Housing Credit,Postal service,Postal Service,2020,-1676455277,-0.25,https://www.fiscal.treasury.gov/files/reports-statements/mts/mts0920.pdf,Monthly Treasury Statement
category,Transportation,Transportation,,,2020,1.41622E+11,2.1,https://www.fiscal.treasury.gov/files/reports-statements/mts/mts0920.pdf,Monthly Treasury Statement
category,Transportation,Transportation,Air transportation,Air Transportation,2020,56616031403,39.98,https://www.fiscal.treasury.gov/files/reports-statements/mts/mts0920.pdf,Monthly Treasury Statement
category,Transportation,Transportation,Ground transportation,Ground Transportation,2020,72676347980,51.32,https://www.fiscal.treasury.gov/files/reports-statements/mts/mts0920.pdf,Monthly Treasury Statement
category,Transportation,Transportation,Other transportation,Other Transportation,2020,422609182.8,0.3,https://www.fiscal.treasury.gov/files/reports-statements/mts/mts0920.pdf,Monthly Treasury Statement
category,Transportation,Transportation,Water transportation,Water Transportation,2020,11907386750,8.41,https://www.fiscal.treasury.gov/files/reports-statements/mts/mts0920.pdf,Monthly Treasury Statement
category,Community and Regional Development,Community and Regional Development,,,2020,56389456132,0.83,https://www.fiscal.treasury.gov/files/reports-statements/mts/mts0920.pdf,Monthly Treasury Statement
category,Community and Regional Development,Community and Regional Development,Area and regional development,Area and Regional Development,2020,4248519432,7.53,https://www.fiscal.treasury.gov/files/reports-statements/mts/mts0920.pdf,Monthly Treasury Statement
category,Community and Regional Development,Community and Regional Development,Community development,Community Development,2020,6236736528,11.06,https://www.fiscal.treasury.gov/files/reports-statements/mts/mts0920.pdf,Monthly Treasury Statement
category,Community and Regional Development,Community and Regional Development,Disaster relief and insurance,Disaster Relief and Insurance,2020,45904200173,81.41,https://www.fiscal.treasury.gov/files/reports-statements/mts/mts0920.pdf,Monthly Treasury Statement
category,"Education, Training, Employment, and Social Services","Education, Training, Employment, and Social Services",,,2020,2.03382E+11,3.01,https://www.fiscal.treasury.gov/files/reports-statements/mts/mts0920.pdf,Monthly Treasury Statement
category,"Education, Training, Employment, and Social Services","Education, Training, Employment, and Social Services","Elementary, secondary, and vocational education","Elementary, Secondary, and Vocational Education",2020,52019135039,25.58,https://www.fiscal.treasury.gov/files/reports-statements/mts/mts0920.pdf,Monthly Treasury Statement
category,"Education, Training, Employment, and Social Services","Education, Training, Employment, and Social Services",Higher education,Higher Education,2020,1.18274E+11,58.15,https://www.fiscal.treasury.gov/files/reports-statements/mts/mts0920.pdf,Monthly Treasury Statement
category,"Education, Training, Employment, and Social Services","Education, Training, Employment, and Social Services",Other labor services,Other Labor Services,2020,1998685649,0.98,https://www.fiscal.treasury.gov/files/reports-statements/mts/mts0920.pdf,Monthly Treasury Statement
category,"Education, Training, Employment, and Social Services","Education, Training, Employment, and Social Services",Research and general education aids,Research and General Education Aids,2020,3984513094,1.96,https://www.fiscal.treasury.gov/files/reports-statements/mts/mts0920.pdf,Monthly Treasury Statement
category,"Education, Training, Employment, and Social Services","Education, Training, Employment, and Social Services",Social services,Social Services,2020,21008336105,10.33,https://www.fiscal.treasury.gov/files/reports-statements/mts/mts0920.pdf,Monthly Treasury Statement
category,"Education, Training, Employment, and Social Services","Education, Training, Employment, and Social Services",Training and employment,Training and Employment,2020,6097056244,3,https://www.fiscal.treasury.gov/files/reports-statements/mts/mts0920.pdf,Monthly Treasury Statement
category,Health,Health,,,2020,7.48473E+11,11.08,https://www.fiscal.treasury.gov/files/reports-statements/mts/mts0920.pdf,Monthly Treasury Statement
category,Health,Health,Consumer and occupational health and safety,Consumer and Occupational Health and Safety,2020,5320602509,0.71,https://www.fiscal.treasury.gov/files/reports-statements/mts/mts0920.pdf,Monthly Treasury Statement
category,Health,Health,Health care services,Health Care Services,2020,7.04921E+11,94.18,https://www.fiscal.treasury.gov/files/reports-statements/mts/mts0920.pdf,Monthly Treasury Statement
category,Health,Health,Health research and training,Health Research and Training,2020,38231812020,5.11,https://www.fiscal.treasury.gov/files/reports-statements/mts/mts0920.pdf,Monthly Treasury Statement
category,Medicare,Medicare,,,2020,8.28121E+11,12.26,https://www.fiscal.treasury.gov/files/reports-statements/mts/mts0920.pdf,Monthly Treasury Statement
category,Medicare,Medicare,Medicare,Medicare,2020,8.28121E+11,100,https://www.fiscal.treasury.gov/files/reports-statements/mts/mts0920.pdf,Monthly Treasury Statement
category,Income Security,Income Security,,,2020,1.32679E+12,19.64,https://www.fiscal.treasury.gov/files/reports-statements/mts/mts0920.pdf,Monthly Treasury Statement
category,Income Security,Income Security,Federal employee retirement and disability,Federal Employee Retirement and Disability,2020,1.59619E+11,12.03,https://www.fiscal.treasury.gov/files/reports-statements/mts/mts0920.pdf,Monthly Treasury Statement
category,Income Security,Income Security,Food and nutrition assistance,Food and Nutrition Assistance,2020,1.12717E+11,8.5,https://www.fiscal.treasury.gov/files/reports-statements/mts/mts0920.pdf,Monthly Treasury Statement
category,Income Security,Income Security,General retirement and disability insurance (excluding social se,General Retirement and Disability Insurance,2020,1241595499,0.09,https://www.fiscal.treasury.gov/files/reports-statements/mts/mts0920.pdf,Monthly Treasury Statement
category,Income Security,Income Security,Housing assistance,Housing Assistance,2020,51863110855,3.91,https://www.fiscal.treasury.gov/files/reports-statements/mts/mts0920.pdf,Monthly Treasury Statement
category,Income Security,Income Security,Other income security,Other Income Security,2020,5.37679E+11,40.52,https://www.fiscal.treasury.gov/files/reports-statements/mts/mts0920.pdf,Monthly Treasury Statement
category,Income Security,Income Security,Unemployment compensation,Unemployment Compensation,2020,4.63671E+11,34.95,https://www.fiscal.treasury.gov/files/reports-statements/mts/mts0920.pdf,Monthly Treasury Statement
category,Social Security,Social Security,,,2020,1.09388E+12,16.19,https://www.fiscal.treasury.gov/files/reports-statements/mts/mts0920.pdf,Monthly Treasury Statement
category,Social Security,Social Security,Social security,Social Security,2020,1.09388E+12,100,https://www.fiscal.treasury.gov/files/reports-statements/mts/mts0920.pdf,Monthly Treasury Statement
category,Veterans Benefits and Services,Veterans Benefits and Services,,,2020,2.25592E+11,3.34,https://www.fiscal.treasury.gov/files/reports-statements/mts/mts0920.pdf,Monthly Treasury Statement
category,Veterans Benefits and Services,Veterans Benefits and Services,Hospital and medical care for veterans,Hospital and Medical Care for Veterans,2020,87746789417,38.9,https://www.fiscal.treasury.gov/files/reports-statements/mts/mts0920.pdf,Monthly Treasury Statement
category,Veterans Benefits and Services,Veterans Benefits and Services,Income security for veterans,Income Security for Veterans,2020,1.19131E+11,52.81,https://www.fiscal.treasury.gov/files/reports-statements/mts/mts0920.pdf,Monthly Treasury Statement
category,Veterans Benefits and Services,Veterans Benefits and Services,Other veterans benefits and services,Other Veterans Benefits and Services,2020,9518937900,4.22,https://www.fiscal.treasury.gov/files/reports-statements/mts/mts0920.pdf,Monthly Treasury Statement
category,Veterans Benefits and Services,Veterans Benefits and Services,"Veterans education, training, and rehabilitation","Veterans Education, Training, and Rehabilitation",2020,13197013300,5.85,https://www.fiscal.treasury.gov/files/reports-statements/mts/mts0920.pdf,Monthly Treasury Statement
category,Veterans Benefits and Services,Veterans Benefits and Services,Veterans housing,Veterans Housing,2020,-4001247154,-1.77,https://www.fiscal.treasury.gov/files/reports-statements/mts/mts0920.pdf,Monthly Treasury Statement
category,Administration of Justice,Administration of Justice,,,2020,71075058704,1.05,https://www.fiscal.treasury.gov/files/reports-statements/mts/mts0920.pdf,Monthly Treasury Statement
category,Administration of Justice,Administration of Justice,Criminal justice assistance,Criminal Justice Assistance,2020,7208011586,10.14,https://www.fiscal.treasury.gov/files/reports-statements/mts/mts0920.pdf,Monthly Treasury Statement
category,Administration of Justice,Administration of Justice,Federal correctional activities,Federal Correctional Activities,2020,7752420362,10.91,https://www.fiscal.treasury.gov/files/reports-statements/mts/mts0920.pdf,Monthly Treasury Statement
category,Administration of Justice,Administration of Justice,Federal law enforcement activities,Federal Law Enforcement Activities,2020,37965790900,53.42,https://www.fiscal.treasury.gov/files/reports-statements/mts/mts0920.pdf,Monthly Treasury Statement
category,Administration of Justice,Administration of Justice,Federal litigative and judicial activities,Federal Litigative and Judicial Activities,2020,18148835855,25.53,https://www.fiscal.treasury.gov/files/reports-statements/mts/mts0920.pdf,Monthly Treasury Statement
category,General Government,General Government,,,2020,1.96927E+11,2.91,https://www.fiscal.treasury.gov/files/reports-statements/mts/mts0920.pdf,Monthly Treasury Statement
category,General Government,General Government,Central fiscal operations,Central Fiscal Operations,2020,6218268152,3.16,https://www.fiscal.treasury.gov/files/reports-statements/mts/mts0920.pdf,Monthly Treasury Statement
category,General Government,General Government,Central personnel management,Central Personnel Management,2020,285835219.2,0.15,https://www.fiscal.treasury.gov/files/reports-statements/mts/mts0920.pdf,Monthly Treasury Statement
category,General Government,General Government,Deductions for offsetting receipts,Offsetting Revenue,2020,-3929618327,-2,https://www.fiscal.treasury.gov/files/reports-statements/mts/mts0920.pdf,Monthly Treasury Statement
category,General Government,General Government,Executive direction and management,Executive Direction and Management,2020,510684144,0.26,https://www.fiscal.treasury.gov/files/reports-statements/mts/mts0920.pdf,Monthly Treasury Statement
category,General Government,General Government,General property and records management,General Property and Records Management,2020,382283946,0.19,https://www.fiscal.treasury.gov/files/reports-statements/mts/mts0920.pdf,Monthly Treasury Statement
category,General Government,General Government,General purpose fiscal assistance,General Purpose Fiscal Assistance,2020,1.85091E+11,93.99,https://www.fiscal.treasury.gov/files/reports-statements/mts/mts0920.pdf,Monthly Treasury Statement
category,General Government,General Government,Legislative functions,Legislative Functions,2020,4651487402,2.36,https://www.fiscal.treasury.gov/files/reports-statements/mts/mts0920.pdf,Monthly Treasury Statement
category,General Government,General Government,Other general government,Other General Government,2020,3716941781,1.89,https://www.fiscal.treasury.gov/files/reports-statements/mts/mts0920.pdf,Monthly Treasury Statement
category,Net Interest,"Net Interest from Debt, Trust Funds, and Other Investments",,,2020,3.71299E+11,5.49,https://www.fiscal.treasury.gov/files/reports-statements/mts/mts0920.pdf,Monthly Treasury Statement
category,Net Interest,"Net Interest from Debt, Trust Funds, and Other Investments",Interest on Treasury debt securities (gross),Interest on Debt,2020,5.2407E+11,141.15,https://www.fiscal.treasury.gov/files/reports-statements/mts/mts0920.pdf,Monthly Treasury Statement
category,Net Interest,"Net Interest from Debt, Trust Funds, and Other Investments",Interest received by off-budget trust funds,Interest Received by Off-Budget Trust Funds,2020,-94456978241,-25.44,https://www.fiscal.treasury.gov/files/reports-statements/mts/mts0920.pdf,Monthly Treasury Statement
category,Net Interest,"Net Interest from Debt, Trust Funds, and Other Investments",Interest received by on-budget trust funds,Interest Received by On-Budget Trust Funds,2020,-54091849100,-14.57,https://www.fiscal.treasury.gov/files/reports-statements/mts/mts0920.pdf,Monthly Treasury Statement
category,Net Interest,"Net Interest from Debt, Trust Funds, and Other Investments",Other interest,Other Interest,2020,-3858198241,-1.04,https://www.fiscal.treasury.gov/files/reports-statements/mts/mts0920.pdf,Monthly Treasury Statement
category,Net Interest,"Net Interest from Debt, Trust Funds, and Other Investments",Other investment income,Other Investment Income,2020,-364849551.6,-0.1,https://www.fiscal.treasury.gov/files/reports-statements/mts/mts0920.pdf,Monthly Treasury Statement
category,Undistributed Offsetting Receipts,Offsetting Revenue Collected But Not Attributed to Functions,,,2020,-1.06846E+11,-1.58,https://www.fiscal.treasury.gov/files/reports-statements/mts/mts0920.pdf,Monthly Treasury Statement
category,Undistributed Offsetting Receipts,Offsetting Revenue Collected But Not Attributed to Functions,"Employer share, employee retirement (off-budget)",Employer Contribution to Employee Retirement (Off-Budget),2020,-18915600000,17.7,https://www.fiscal.treasury.gov/files/reports-statements/mts/mts0920.pdf,Monthly Treasury Statement
category,Undistributed Offsetting Receipts,Offsetting Revenue Collected But Not Attributed to Functions,"Employer share, employee retirement (on-budget)",Employer Contribution to Employee Retirement (On-Budget),2020,-84019818931,78.64,https://www.fiscal.treasury.gov/files/reports-statements/mts/mts0920.pdf,Monthly Treasury Statement
category,Undistributed Offsetting Receipts,Offsetting Revenue Collected But Not Attributed to Functions,Other undistributed offsetting receipts,Other Offsetting Revenue Collected But Not Attributed to Functions,2020,0,0,https://www.fiscal.treasury.gov/files/reports-statements/mts/mts0920.pdf,Monthly Treasury Statement
category,Undistributed Offsetting Receipts,Offsetting Revenue Collected But Not Attributed to Functions,Rents and royalties on the Outer Continental Shelf,Rents and Royalties on the Outer Continental Shelf,2020,-3910352480,3.66,https://www.fiscal.treasury.gov/files/reports-statements/mts/mts0920.pdf,Monthly Treasury Statement
