parent,parent_plain,child,child_plain,fiscal_year,federal_revenue,cpi_auc_start,cpi_auc_end,inflation_rate,federal_revenue_adjusted,percent_total,federal_revenue_source_url,federal_revenue_source_url_name,cpi_source_url,cpi_source_url_name
Individual Income Taxes,Individual Income Taxes,,,2016,1.54607E+12,241.428,259.101,1.073201948,1.65925E+12,47.33,Monthly Treasury Statement,https://www.fiscal.treasury.gov/files/reports-statements/mts/mts0916.pdf,Bureau of Labor Statistics,https://data.bls.gov/cgi-bin/surveymost?bls
Individual Income Taxes,Individual Income Taxes,Individual Income Taxes Refunds,Individual Income Taxes Refunds,2016,-2.51286E+11,241.428,259.101,1.073201948,-2.6968E+11,-16.25,Monthly Treasury Statement,https://www.fiscal.treasury.gov/files/reports-statements/mts/mts0916.pdf,Bureau of Labor Statistics,https://data.bls.gov/cgi-bin/surveymost?bls
Individual Income Taxes,Individual Income Taxes,Individual Income Taxes Withheld,Individual Income Taxes Withheld,2016,1.2457E+12,241.428,259.101,1.073201948,1.33689E+12,80.57,Monthly Treasury Statement,https://www.fiscal.treasury.gov/files/reports-statements/mts/mts0916.pdf,Bureau of Labor Statistics,https://data.bls.gov/cgi-bin/surveymost?bls
Individual Income Taxes,Individual Income Taxes,Presidential Election Campaign Fund,Presidential Election Campaign Fund,2016,28616487,241.428,259.101,1.073201948,30711270,0,Monthly Treasury Statement,https://www.fiscal.treasury.gov/files/reports-statements/mts/mts0916.pdf,Bureau of Labor Statistics,https://data.bls.gov/cgi-bin/surveymost?bls
Individual Income Taxes,Individual Income Taxes,Other Individual Income Taxes,Other Individual Income Taxes,2016,5.51633E+11,241.428,259.101,1.073201948,5.92014E+11,35.68,Monthly Treasury Statement,https://www.fiscal.treasury.gov/files/reports-statements/mts/mts0916.pdf,Bureau of Labor Statistics,https://data.bls.gov/cgi-bin/surveymost?bls
Corporation Income Taxes,Corporate Income Taxes,,,2016,2.99571E+11,241.428,259.101,1.073201948,3.215E+11,9.17,Monthly Treasury Statement,https://www.fiscal.treasury.gov/files/reports-statements/mts/mts0916.pdf,Bureau of Labor Statistics,https://data.bls.gov/cgi-bin/surveymost?bls
Corporation Income Taxes,Corporate Income Taxes,Corporation Income Taxes Refunds,Corporate Income Taxes Refunds,2016,-46410816532,241.428,259.101,1.073201948,-49808178729,-15.49,Monthly Treasury Statement,https://www.fiscal.treasury.gov/files/reports-statements/mts/mts0916.pdf,Bureau of Labor Statistics,https://data.bls.gov/cgi-bin/surveymost?bls
Corporation Income Taxes,Corporate Income Taxes,Corporation Income Taxes,Corporate Income Taxes,2016,3.45982E+11,241.428,259.101,1.073201948,3.71308E+11,115.49,Monthly Treasury Statement,https://www.fiscal.treasury.gov/files/reports-statements/mts/mts0916.pdf,Bureau of Labor Statistics,https://data.bls.gov/cgi-bin/surveymost?bls
Employment and General Retirement,Social Security and Medicare Taxes,,,2016,1.05699E+12,241.428,259.101,1.073201948,1.13437E+12,32.36,Monthly Treasury Statement,https://www.fiscal.treasury.gov/files/reports-statements/mts/mts0916.pdf,Bureau of Labor Statistics,https://data.bls.gov/cgi-bin/surveymost?bls
Employment and General Retirement,Social Security and Medicare Taxes,Federal Old-Age and Survivors Insurance Trust Fund,Social Security - Old-Age and Survivors Insurance Trust Fund Taxes,2016,6.68372E+11,241.428,259.101,1.073201948,7.17299E+11,63.23,Monthly Treasury Statement,https://www.fiscal.treasury.gov/files/reports-statements/mts/mts0916.pdf,Bureau of Labor Statistics,https://data.bls.gov/cgi-bin/surveymost?bls
Employment and General Retirement,Social Security and Medicare Taxes,Federal Old-Age and Survivors Insurance Trust Fund Refunds,Social Security - Old-Age and Survivors Insurance Trust Fund Taxes Refunds,2016,-2700297000,241.428,259.101,1.073201948,-2897964002,-0.26,Monthly Treasury Statement,https://www.fiscal.treasury.gov/files/reports-statements/mts/mts0916.pdf,Bureau of Labor Statistics,https://data.bls.gov/cgi-bin/surveymost?bls
Employment and General Retirement,Social Security and Medicare Taxes,Federal Disability Insurance Trust Fund,Social Security - Disability Insurance Trust Fund Taxes,2016,1.44966E+11,241.428,259.101,1.073201948,1.55578E+11,13.71,Monthly Treasury Statement,https://www.fiscal.treasury.gov/files/reports-statements/mts/mts0916.pdf,Bureau of Labor Statistics,https://data.bls.gov/cgi-bin/surveymost?bls
Employment and General Retirement,Social Security and Medicare Taxes,Federal Disability Insurance Trust Fund Refunds,Social Security - Disability Insurance Trust Fund Taxes Refunds,2016,-458541000,241.428,259.101,1.073201948,-492107095,-0.04,Monthly Treasury Statement,https://www.fiscal.treasury.gov/files/reports-statements/mts/mts0916.pdf,Bureau of Labor Statistics,https://data.bls.gov/cgi-bin/surveymost?bls
Employment and General Retirement,Social Security and Medicare Taxes,Federal Hospital Insurance Trust Fund,Medicare Part A Taxes,2016,2.46812E+11,241.428,259.101,1.073201948,2.64879E+11,23.35,Monthly Treasury Statement,https://www.fiscal.treasury.gov/files/reports-statements/mts/mts0916.pdf,Bureau of Labor Statistics,https://data.bls.gov/cgi-bin/surveymost?bls
Employment and General Retirement,Other Retirement,Railroad Retirement,Railroad Retirement,2016,5316647512,241.428,259.101,1.073201948,5705836469,57.68,Monthly Treasury Statement,https://www.fiscal.treasury.gov/files/reports-statements/mts/mts0916.pdf,Bureau of Labor Statistics,https://data.bls.gov/cgi-bin/surveymost?bls
Employment and General Retirement,Other Retirement,Railroad Retirement Refunds,Railroad Retirement Refunds,2016,-3636346,241.428,259.101,1.073201948,-3902533,-0.04,Monthly Treasury Statement,https://www.fiscal.treasury.gov/files/reports-statements/mts/mts0916.pdf,Bureau of Labor Statistics,https://data.bls.gov/cgi-bin/surveymost?bls
Unemployment Insurance,Unemployment Insurance,,,2016,48852716273,241.428,259.101,1.073201948,52428830289,1.5,Monthly Treasury Statement,https://www.fiscal.treasury.gov/files/reports-statements/mts/mts0916.pdf,Bureau of Labor Statistics,https://data.bls.gov/cgi-bin/surveymost?bls
Unemployment Insurance,Unemployment Insurance,Deposits by States,Deposits by States,2016,40485353919,241.428,259.101,1.073201948,43448960707,82.87,Monthly Treasury Statement,https://www.fiscal.treasury.gov/files/reports-statements/mts/mts0916.pdf,Bureau of Labor Statistics,https://data.bls.gov/cgi-bin/surveymost?bls
Unemployment Insurance,Unemployment Insurance,Federal Unemployment Taxes,Federal Unemployment Taxes,2016,8440229176,241.428,259.101,1.073201948,9058070396,17.28,Monthly Treasury Statement,https://www.fiscal.treasury.gov/files/reports-statements/mts/mts0916.pdf,Bureau of Labor Statistics,https://data.bls.gov/cgi-bin/surveymost?bls
Unemployment Insurance,Unemployment Insurance,Federal Unemployment Taxes Refunds,Federal Unemployment Taxes Refunds,2016,-190082879,241.428,259.101,1.073201948,-203997317,-0.39,Monthly Treasury Statement,https://www.fiscal.treasury.gov/files/reports-statements/mts/mts0916.pdf,Bureau of Labor Statistics,https://data.bls.gov/cgi-bin/surveymost?bls
Unemployment Insurance,Unemployment Insurance,Railroad Unemployment Taxes,Railroad Unemployment Taxes,2016,117216058,241.428,259.101,1.073201948,125796502,0.24,Monthly Treasury Statement,https://www.fiscal.treasury.gov/files/reports-statements/mts/mts0916.pdf,Bureau of Labor Statistics,https://data.bls.gov/cgi-bin/surveymost?bls
Other Retirement,Other Retirement,,,2016,9218102887,241.428,259.101,1.073201948,9892885979,0.28,Monthly Treasury Statement,https://www.fiscal.treasury.gov/files/reports-statements/mts/mts0916.pdf,Bureau of Labor Statistics,https://data.bls.gov/cgi-bin/surveymost?bls
Other Retirement,Other Retirement,Federal Employees' Retirement - Employee Share,Federal Government Pension: FERS,2016,3875641383,241.428,259.101,1.073201948,4159345883,42.04,Monthly Treasury Statement,https://www.fiscal.treasury.gov/files/reports-statements/mts/mts0916.pdf,Bureau of Labor Statistics,https://data.bls.gov/cgi-bin/surveymost?bls
Other Retirement,Other Retirement,Non-Federal Federal Employees' Retirement,Non-Federal Federal Employees' Retirement,2016,29450338,241.428,259.101,1.073201948,31606160,0.32,Monthly Treasury Statement,https://www.fiscal.treasury.gov/files/reports-statements/mts/mts0916.pdf,Bureau of Labor Statistics,https://data.bls.gov/cgi-bin/surveymost?bls
Excise Taxes,Excise Taxes,,,2016,95045415455,241.428,259.101,1.073201948,1.02003E+11,2.91,Monthly Treasury Statement,https://www.fiscal.treasury.gov/files/reports-statements/mts/mts0916.pdf,Bureau of Labor Statistics,https://data.bls.gov/cgi-bin/surveymost?bls
Excise Taxes,Excise Taxes,Miscellaneous Excise Taxes,Miscellaneous Excise Taxes,2016,45280950462,241.428,259.101,1.073201948,48595604261,47.64,Monthly Treasury Statement,https://www.fiscal.treasury.gov/files/reports-statements/mts/mts0916.pdf,Bureau of Labor Statistics,https://data.bls.gov/cgi-bin/surveymost?bls
Excise Taxes,Excise Taxes,Miscellaneous Excise Taxes Refunds,Miscellaneous Excise Taxes Refunds,2016,-6437725747,241.428,259.101,1.073201948,-6908979815,-6.77,Monthly Treasury Statement,https://www.fiscal.treasury.gov/files/reports-statements/mts/mts0916.pdf,Bureau of Labor Statistics,https://data.bls.gov/cgi-bin/surveymost?bls
Excise Taxes,Excise Taxes,Airport and Airway Trust Fund,Airport and Airway Trust Fund,2016,14378886981,241.428,259.101,1.073201948,15431449524,15.13,Monthly Treasury Statement,https://www.fiscal.treasury.gov/files/reports-statements/mts/mts0916.pdf,Bureau of Labor Statistics,https://data.bls.gov/cgi-bin/surveymost?bls
Excise Taxes,Excise Taxes,Airport and Airway Trust Fund Refunds,Airport and Airway Trust Fund Refunds,2016,-13441633,241.428,259.101,1.073201948,-14425587,-0.01,Monthly Treasury Statement,https://www.fiscal.treasury.gov/files/reports-statements/mts/mts0916.pdf,Bureau of Labor Statistics,https://data.bls.gov/cgi-bin/surveymost?bls
Excise Taxes,Excise Taxes,Highway Trust Fund,Highway Trust Fund,2016,41433764019,241.428,259.101,1.073201948,44466796275,43.59,Monthly Treasury Statement,https://www.fiscal.treasury.gov/files/reports-statements/mts/mts0916.pdf,Bureau of Labor Statistics,https://data.bls.gov/cgi-bin/surveymost?bls
Excise Taxes,Excise Taxes,Highway Trust Fund Refunds,Highway Trust Fund Refunds,2016,-62671000,241.428,259.101,1.073201948,-67258639,-0.07,Monthly Treasury Statement,https://www.fiscal.treasury.gov/files/reports-statements/mts/mts0916.pdf,Bureau of Labor Statistics,https://data.bls.gov/cgi-bin/surveymost?bls
Excise Taxes,Excise Taxes,Black Lung Disability Trust Fund,Black Lung Disability Trust Fund,2016,465652373,241.428,259.101,1.073201948,499739034,0.49,Monthly Treasury Statement,https://www.fiscal.treasury.gov/files/reports-statements/mts/mts0916.pdf,Bureau of Labor Statistics,https://data.bls.gov/cgi-bin/surveymost?bls
Estate and Gift Taxes,Estate and Gift Taxes,,,2016,21354002317,241.428,259.101,1.073201948,22917156893,0.65,Monthly Treasury Statement,https://www.fiscal.treasury.gov/files/reports-statements/mts/mts0916.pdf,Bureau of Labor Statistics,https://data.bls.gov/cgi-bin/surveymost?bls
Estate and Gift Taxes,Estate and Gift Taxes,Estate and Gift Taxes Refunds,Estate and Gift Taxes Refunds,2016,-983135328,241.428,259.101,1.073201948,-1055102750,-4.6,Monthly Treasury Statement,https://www.fiscal.treasury.gov/files/reports-statements/mts/mts0916.pdf,Bureau of Labor Statistics,https://data.bls.gov/cgi-bin/surveymost?bls
Estate and Gift Taxes,Estate and Gift Taxes,Estate and Gift Taxes,Estate and Gift Taxes,2016,22337137645,241.428,259.101,1.073201948,23972259642,104.6,Monthly Treasury Statement,https://www.fiscal.treasury.gov/files/reports-statements/mts/mts0916.pdf,Bureau of Labor Statistics,https://data.bls.gov/cgi-bin/surveymost?bls
Customs Duties,Customs Duties,,,2016,34837269317,241.428,259.101,1.073201948,37387425308,1.07,Monthly Treasury Statement,https://www.fiscal.treasury.gov/files/reports-statements/mts/mts0916.pdf,Bureau of Labor Statistics,https://data.bls.gov/cgi-bin/surveymost?bls
Customs Duties,Customs Duties,Customs Duties Refunds,Customs Duties Refunds,2016,-1630372057,241.428,259.101,1.073201948,-1749718468,-4.68,Monthly Treasury Statement,https://www.fiscal.treasury.gov/files/reports-statements/mts/mts0916.pdf,Bureau of Labor Statistics,https://data.bls.gov/cgi-bin/surveymost?bls
Customs Duties,Customs Duties,Customs Duties,Customs Duties,2016,36467641374,241.428,259.101,1.073201948,39137143776,104.68,Monthly Treasury Statement,https://www.fiscal.treasury.gov/files/reports-statements/mts/mts0916.pdf,Bureau of Labor Statistics,https://data.bls.gov/cgi-bin/surveymost?bls
Miscellaneous Receipts,Miscellaneous Revenue,,,2016,1.54743E+11,241.428,259.101,1.073201948,1.6607E+11,4.74,Monthly Treasury Statement,https://www.fiscal.treasury.gov/files/reports-statements/mts/mts0916.pdf,Bureau of Labor Statistics,https://data.bls.gov/cgi-bin/surveymost?bls
Miscellaneous Receipts,Miscellaneous Revenue,Miscellaneous Receipts Refunds,Miscellaneous Receipts Refunds,2016,-56674957,241.428,259.101,1.073201948,-60823674,-0.04,Monthly Treasury Statement,https://www.fiscal.treasury.gov/files/reports-statements/mts/mts0916.pdf,Bureau of Labor Statistics,https://data.bls.gov/cgi-bin/surveymost?bls
Miscellaneous Receipts,Miscellaneous Revenue,"Deposit of Earnings, Federal Reserve System",Federal Reserve Deposit of Earnings,2016,1.15672E+11,241.428,259.101,1.073201948,1.24139E+11,74.75,Monthly Treasury Statement,https://www.fiscal.treasury.gov/files/reports-statements/mts/mts0916.pdf,Bureau of Labor Statistics,https://data.bls.gov/cgi-bin/surveymost?bls
Miscellaneous Receipts,Miscellaneous Revenue,Universal Service Fund,Universal Service Fund,2016,9921503559,241.428,259.101,1.073201948,10647776951,6.41,Monthly Treasury Statement,https://www.fiscal.treasury.gov/files/reports-statements/mts/mts0916.pdf,Bureau of Labor Statistics,https://data.bls.gov/cgi-bin/surveymost?bls
Miscellaneous Receipts,Miscellaneous Revenue,Other Miscellaneous Receipts,Other Miscellaneous Revenue,2016,29206101171,241.428,259.101,1.073201948,31344044682,18.87,Monthly Treasury Statement,https://www.fiscal.treasury.gov/files/reports-statements/mts/mts0916.pdf,Bureau of Labor Statistics,https://data.bls.gov/cgi-bin/surveymost?bls
Individual Income Taxes,Individual Income Taxes,,,2017,1.58712E+12,246.819,259.101,1.049761161,1.6661E+12,47.88,Monthly Treasury Statement,https://www.fiscal.treasury.gov/files/reports-statements/mts/mts0917.pdf,Bureau of Labor Statistics,https://data.bls.gov/cgi-bin/surveymost?bls
Individual Income Taxes,Individual Income Taxes,Individual Income Taxes Refunds,Individual Income Taxes Refunds,2017,-2.61677E+11,246.819,259.101,1.049761161,-2.74698E+11,-16.49,Monthly Treasury Statement,https://www.fiscal.treasury.gov/files/reports-statements/mts/mts0917.pdf,Bureau of Labor Statistics,https://data.bls.gov/cgi-bin/surveymost?bls
Individual Income Taxes,Individual Income Taxes,Individual Income Taxes Withheld,Individual Income Taxes Withheld,2017,1.30927E+12,246.819,259.101,1.049761161,1.37442E+12,82.49,Monthly Treasury Statement,https://www.fiscal.treasury.gov/files/reports-statements/mts/mts0917.pdf,Bureau of Labor Statistics,https://data.bls.gov/cgi-bin/surveymost?bls
Individual Income Taxes,Individual Income Taxes,Presidential Election Campaign Fund,Presidential Election Campaign Fund,2017,26811542,246.819,259.101,1.049761161,28145715,0,Monthly Treasury Statement,https://www.fiscal.treasury.gov/files/reports-statements/mts/mts0917.pdf,Bureau of Labor Statistics,https://data.bls.gov/cgi-bin/surveymost?bls
Individual Income Taxes,Individual Income Taxes,Other Individual Income Taxes,Other Individual Income Taxes,2017,5.39503E+11,246.819,259.101,1.049761161,5.6635E+11,33.99,Monthly Treasury Statement,https://www.fiscal.treasury.gov/files/reports-statements/mts/mts0917.pdf,Bureau of Labor Statistics,https://data.bls.gov/cgi-bin/surveymost?bls
Corporation Income Taxes,Corporate Income Taxes,,,2017,2.97048E+11,246.819,259.101,1.049761161,3.11829E+11,8.96,Monthly Treasury Statement,https://www.fiscal.treasury.gov/files/reports-statements/mts/mts0917.pdf,Bureau of Labor Statistics,https://data.bls.gov/cgi-bin/surveymost?bls
Corporation Income Taxes,Corporate Income Taxes,Corporation Income Taxes Refunds,Corporate Income Taxes Refunds,2017,-41930059841,246.819,259.101,1.049761161,-44016548300,-14.12,Monthly Treasury Statement,https://www.fiscal.treasury.gov/files/reports-statements/mts/mts0917.pdf,Bureau of Labor Statistics,https://data.bls.gov/cgi-bin/surveymost?bls
Corporation Income Taxes,Corporate Income Taxes,Corporation Income Taxes,Corporate Income Taxes,2017,3.38978E+11,246.819,259.101,1.049761161,3.55846E+11,114.12,Monthly Treasury Statement,https://www.fiscal.treasury.gov/files/reports-statements/mts/mts0917.pdf,Bureau of Labor Statistics,https://data.bls.gov/cgi-bin/surveymost?bls
Employment and General Retirement,Social Security and Medicare Taxes,,,2017,1.10655E+12,246.819,259.101,1.049761161,1.16161E+12,33.38,Monthly Treasury Statement,https://www.fiscal.treasury.gov/files/reports-statements/mts/mts0917.pdf,Bureau of Labor Statistics,https://data.bls.gov/cgi-bin/surveymost?bls
Employment and General Retirement,Social Security and Medicare Taxes,Federal Old-Age and Survivors Insurance Trust Fund,Social Security - Old-Age and Survivors Insurance Trust Fund Taxes,2017,6.90709E+11,246.819,259.101,1.049761161,7.25079E+11,62.42,Monthly Treasury Statement,https://www.fiscal.treasury.gov/files/reports-statements/mts/mts0917.pdf,Bureau of Labor Statistics,https://data.bls.gov/cgi-bin/surveymost?bls
Employment and General Retirement,Social Security and Medicare Taxes,Federal Old-Age and Survivors Insurance Trust Fund Refunds,Social Security - Old-Age and Survivors Insurance Trust Fund Taxes Refunds,2017,-2661310050,246.819,259.101,1.049761161,-2793739928,-0.24,Monthly Treasury Statement,https://www.fiscal.treasury.gov/files/reports-statements/mts/mts0917.pdf,Bureau of Labor Statistics,https://data.bls.gov/cgi-bin/surveymost?bls
Employment and General Retirement,Social Security and Medicare Taxes,Federal Disability Insurance Trust Fund,Social Security - Disability Insurance Trust Fund Taxes,2017,1.63199E+11,246.819,259.101,1.049761161,1.7132E+11,14.75,Monthly Treasury Statement,https://www.fiscal.treasury.gov/files/reports-statements/mts/mts0917.pdf,Bureau of Labor Statistics,https://data.bls.gov/cgi-bin/surveymost?bls
Employment and General Retirement,Social Security and Medicare Taxes,Federal Disability Insurance Trust Fund Refunds,Social Security - Disability Insurance Trust Fund Taxes Refunds,2017,-628843950,246.819,259.101,1.049761161,-660135955,-0.06,Monthly Treasury Statement,https://www.fiscal.treasury.gov/files/reports-statements/mts/mts0917.pdf,Bureau of Labor Statistics,https://data.bls.gov/cgi-bin/surveymost?bls
Employment and General Retirement,Social Security and Medicare Taxes,Federal Hospital Insurance Trust Fund,Medicare Part A Taxes,2017,2.5593E+11,246.819,259.101,1.049761161,2.68666E+11,23.13,Monthly Treasury Statement,https://www.fiscal.treasury.gov/files/reports-statements/mts/mts0917.pdf,Bureau of Labor Statistics,https://data.bls.gov/cgi-bin/surveymost?bls
Employment and General Retirement,Other Retirement,Railroad Retirement,Railroad Retirement,2017,5350770603,246.819,259.101,1.049761161,5617031160,56.09,Monthly Treasury Statement,https://www.fiscal.treasury.gov/files/reports-statements/mts/mts0917.pdf,Bureau of Labor Statistics,https://data.bls.gov/cgi-bin/surveymost?bls
Employment and General Retirement,Other Retirement,Railroad Retirement Refunds,Railroad Retirement Refunds,2017,-2158618,246.819,259.101,1.049761161,-2266033,-0.02,Monthly Treasury Statement,https://www.fiscal.treasury.gov/files/reports-statements/mts/mts0917.pdf,Bureau of Labor Statistics,https://data.bls.gov/cgi-bin/surveymost?bls
Unemployment Insurance,Unemployment Insurance,,,2017,45808340166,246.819,259.101,1.049761161,48087816357,1.38,Monthly Treasury Statement,https://www.fiscal.treasury.gov/files/reports-statements/mts/mts0917.pdf,Bureau of Labor Statistics,https://data.bls.gov/cgi-bin/surveymost?bls
Unemployment Insurance,Unemployment Insurance,Deposits by States,Deposits by States,2017,37551306647,246.819,259.101,1.049761161,39419903264,81.97,Monthly Treasury Statement,https://www.fiscal.treasury.gov/files/reports-statements/mts/mts0917.pdf,Bureau of Labor Statistics,https://data.bls.gov/cgi-bin/surveymost?bls
Unemployment Insurance,Unemployment Insurance,Federal Unemployment Taxes,Federal Unemployment Taxes,2017,8284270436,246.819,259.101,1.049761161,8696505351,18.08,Monthly Treasury Statement,https://www.fiscal.treasury.gov/files/reports-statements/mts/mts0917.pdf,Bureau of Labor Statistics,https://data.bls.gov/cgi-bin/surveymost?bls
Unemployment Insurance,Unemployment Insurance,Federal Unemployment Taxes Refunds,Federal Unemployment Taxes Refunds,2017,-153634279,246.819,259.101,1.049761161,-161279299,-0.34,Monthly Treasury Statement,https://www.fiscal.treasury.gov/files/reports-statements/mts/mts0917.pdf,Bureau of Labor Statistics,https://data.bls.gov/cgi-bin/surveymost?bls
Unemployment Insurance,Unemployment Insurance,Railroad Unemployment Taxes,Railroad Unemployment Taxes,2017,126397361,246.819,259.101,1.049761161,132687041,0.28,Monthly Treasury Statement,https://www.fiscal.treasury.gov/files/reports-statements/mts/mts0917.pdf,Bureau of Labor Statistics,https://data.bls.gov/cgi-bin/surveymost?bls
Other Retirement,Other Retirement,,,2017,9539244281,246.819,259.101,1.049761161,10013928152,0.29,Monthly Treasury Statement,https://www.fiscal.treasury.gov/files/reports-statements/mts/mts0917.pdf,Bureau of Labor Statistics,https://data.bls.gov/cgi-bin/surveymost?bls
Other Retirement,Other Retirement,Federal Employees' Retirement - Employee Share,Federal Government Pension: FERS,2017,4156642897,246.819,259.101,1.049761161,4363482273,43.57,Monthly Treasury Statement,https://www.fiscal.treasury.gov/files/reports-statements/mts/mts0917.pdf,Bureau of Labor Statistics,https://data.bls.gov/cgi-bin/surveymost?bls
Other Retirement,Other Retirement,Non-Federal Federal Employees' Retirement,Non-Federal Federal Employees' Retirement,2017,33989399,246.819,259.101,1.049761161,35680751,0.36,Monthly Treasury Statement,https://www.fiscal.treasury.gov/files/reports-statements/mts/mts0917.pdf,Bureau of Labor Statistics,https://data.bls.gov/cgi-bin/surveymost?bls
Excise Taxes,Excise Taxes,,,2017,83822381041,246.819,259.101,1.049761161,87993480040,2.53,Monthly Treasury Statement,https://www.fiscal.treasury.gov/files/reports-statements/mts/mts0917.pdf,Bureau of Labor Statistics,https://data.bls.gov/cgi-bin/surveymost?bls
Excise Taxes,Excise Taxes,Miscellaneous Excise Taxes,Miscellaneous Excise Taxes,2017,32493541758,246.819,259.101,1.049761161,34110458121,38.76,Monthly Treasury Statement,https://www.fiscal.treasury.gov/files/reports-statements/mts/mts0917.pdf,Bureau of Labor Statistics,https://data.bls.gov/cgi-bin/surveymost?bls
Excise Taxes,Excise Taxes,Miscellaneous Excise Taxes Refunds,Miscellaneous Excise Taxes Refunds,2017,-5160104181,246.819,259.101,1.049761161,-5416876956,-6.16,Monthly Treasury Statement,https://www.fiscal.treasury.gov/files/reports-statements/mts/mts0917.pdf,Bureau of Labor Statistics,https://data.bls.gov/cgi-bin/surveymost?bls
Excise Taxes,Excise Taxes,Airport and Airway Trust Fund,Airport and Airway Trust Fund,2017,14951680921,246.819,259.101,1.049761161,15695693923,17.84,Monthly Treasury Statement,https://www.fiscal.treasury.gov/files/reports-statements/mts/mts0917.pdf,Bureau of Labor Statistics,https://data.bls.gov/cgi-bin/surveymost?bls
Excise Taxes,Excise Taxes,Airport and Airway Trust Fund Refunds,Airport and Airway Trust Fund Refunds,2017,-14800680,246.819,259.101,1.049761161,-15537179,-0.02,Monthly Treasury Statement,https://www.fiscal.treasury.gov/files/reports-statements/mts/mts0917.pdf,Bureau of Labor Statistics,https://data.bls.gov/cgi-bin/surveymost?bls
Excise Taxes,Excise Taxes,Highway Trust Fund,Highway Trust Fund,2017,41558485850,246.819,259.101,1.049761161,43626484356,49.58,Monthly Treasury Statement,https://www.fiscal.treasury.gov/files/reports-statements/mts/mts0917.pdf,Bureau of Labor Statistics,https://data.bls.gov/cgi-bin/surveymost?bls
Excise Taxes,Excise Taxes,Highway Trust Fund Refunds,Highway Trust Fund Refunds,2017,-431744000,246.819,259.101,1.049761161,-453228083,-0.52,Monthly Treasury Statement,https://www.fiscal.treasury.gov/files/reports-statements/mts/mts0917.pdf,Bureau of Labor Statistics,https://data.bls.gov/cgi-bin/surveymost?bls
Excise Taxes,Excise Taxes,Black Lung Disability Trust Fund,Black Lung Disability Trust Fund,2017,425321372,246.819,259.101,1.049761161,446485858,0.51,Monthly Treasury Statement,https://www.fiscal.treasury.gov/files/reports-statements/mts/mts0917.pdf,Bureau of Labor Statistics,https://data.bls.gov/cgi-bin/surveymost?bls
Estate and Gift Taxes,Estate and Gift Taxes,,,2017,22767709580,246.819,259.101,1.049761161,23900657242,0.69,Monthly Treasury Statement,https://www.fiscal.treasury.gov/files/reports-statements/mts/mts0917.pdf,Bureau of Labor Statistics,https://data.bls.gov/cgi-bin/surveymost?bls
Estate and Gift Taxes,Estate and Gift Taxes,Estate and Gift Taxes Refunds,Estate and Gift Taxes Refunds,2017,-1012733995,246.819,259.101,1.049761161,-1063128815,-4.45,Monthly Treasury Statement,https://www.fiscal.treasury.gov/files/reports-statements/mts/mts0917.pdf,Bureau of Labor Statistics,https://data.bls.gov/cgi-bin/surveymost?bls
Estate and Gift Taxes,Estate and Gift Taxes,Estate and Gift Taxes,Estate and Gift Taxes,2017,23780443575,246.819,259.101,1.049761161,24963786057,104.45,Monthly Treasury Statement,https://www.fiscal.treasury.gov/files/reports-statements/mts/mts0917.pdf,Bureau of Labor Statistics,https://data.bls.gov/cgi-bin/surveymost?bls
Customs Duties,Customs Duties,,,2017,34575150111,246.819,259.101,1.049761161,36295649723,1.04,Monthly Treasury Statement,https://www.fiscal.treasury.gov/files/reports-statements/mts/mts0917.pdf,Bureau of Labor Statistics,https://data.bls.gov/cgi-bin/surveymost?bls
Customs Duties,Customs Duties,Customs Duties Refunds,Customs Duties Refunds,2017,-1684687145,246.819,259.101,1.049761161,-1768519133,-4.87,Monthly Treasury Statement,https://www.fiscal.treasury.gov/files/reports-statements/mts/mts0917.pdf,Bureau of Labor Statistics,https://data.bls.gov/cgi-bin/surveymost?bls
Customs Duties,Customs Duties,Customs Duties,Customs Duties,2017,36259837256,246.819,259.101,1.049761161,38064168856,104.87,Monthly Treasury Statement,https://www.fiscal.treasury.gov/files/reports-statements/mts/mts0917.pdf,Bureau of Labor Statistics,https://data.bls.gov/cgi-bin/surveymost?bls
Miscellaneous Receipts,Miscellaneous Revenue,,,2017,1.27666E+11,246.819,259.101,1.049761161,1.34019E+11,3.85,Monthly Treasury Statement,https://www.fiscal.treasury.gov/files/reports-statements/mts/mts0917.pdf,Bureau of Labor Statistics,https://data.bls.gov/cgi-bin/surveymost?bls
Miscellaneous Receipts,Miscellaneous Revenue,Miscellaneous Receipts Refunds,Miscellaneous Receipts Refunds,2017,-49939319,246.819,259.101,1.049761161,-52424358,-0.04,Monthly Treasury Statement,https://www.fiscal.treasury.gov/files/reports-statements/mts/mts0917.pdf,Bureau of Labor Statistics,https://data.bls.gov/cgi-bin/surveymost?bls
Miscellaneous Receipts,Miscellaneous Revenue,"Deposit of Earnings, Federal Reserve System",Federal Reserve Deposit of Earnings,2017,81287184040,246.819,259.101,1.049761161,85332128693,63.67,Monthly Treasury Statement,https://www.fiscal.treasury.gov/files/reports-statements/mts/mts0917.pdf,Bureau of Labor Statistics,https://data.bls.gov/cgi-bin/surveymost?bls
Miscellaneous Receipts,Miscellaneous Revenue,Universal Service Fund,Universal Service Fund,2017,9154213023,246.819,259.101,1.049761161,9609737291,7.17,Monthly Treasury Statement,https://www.fiscal.treasury.gov/files/reports-statements/mts/mts0917.pdf,Bureau of Labor Statistics,https://data.bls.gov/cgi-bin/surveymost?bls
Miscellaneous Receipts,Miscellaneous Revenue,Other Miscellaneous Receipts,Other Miscellaneous Revenue,2017,37274630888,246.819,259.101,1.049761161,39129459797,29.2,Monthly Treasury Statement,https://www.fiscal.treasury.gov/files/reports-statements/mts/mts0917.pdf,Bureau of Labor Statistics,https://data.bls.gov/cgi-bin/surveymost?bls
Individual Income Taxes,Individual Income Taxes,,,2018,1.68354E+12,252.439,259.101,1.026390534,1.72797E+12,50.58,Monthly Treasury Statement,https://www.fiscal.treasury.gov/files/reports-statements/mts/mts0918.pdf,Bureau of Labor Statistics,https://data.bls.gov/cgi-bin/surveymost?bls
Individual Income Taxes,Individual Income Taxes,Individual Income Taxes Refunds,Individual Income Taxes Refunds,2018,-2.68125E+11,252.439,259.101,1.026390534,-2.75201E+11,-15.93,Monthly Treasury Statement,https://www.fiscal.treasury.gov/files/reports-statements/mts/mts0918.pdf,Bureau of Labor Statistics,https://data.bls.gov/cgi-bin/surveymost?bls
Individual Income Taxes,Individual Income Taxes,Individual Income Taxes Withheld,Individual Income Taxes Withheld,2018,1.32511E+12,252.439,259.101,1.026390534,1.36008E+12,78.71,Monthly Treasury Statement,https://www.fiscal.treasury.gov/files/reports-statements/mts/mts0918.pdf,Bureau of Labor Statistics,https://data.bls.gov/cgi-bin/surveymost?bls
Individual Income Taxes,Individual Income Taxes,Presidential Election Campaign Fund,Presidential Election Campaign Fund,2018,25843086,252.439,259.101,1.026390534,26525099,0,Monthly Treasury Statement,https://www.fiscal.treasury.gov/files/reports-statements/mts/mts0918.pdf,Bureau of Labor Statistics,https://data.bls.gov/cgi-bin/surveymost?bls
Individual Income Taxes,Individual Income Taxes,Other Individual Income Taxes,Other Individual Income Taxes,2018,6.26531E+11,252.439,259.101,1.026390534,6.43065E+11,37.22,Monthly Treasury Statement,https://www.fiscal.treasury.gov/files/reports-statements/mts/mts0918.pdf,Bureau of Labor Statistics,https://data.bls.gov/cgi-bin/surveymost?bls
Corporation Income Taxes,Corporate Income Taxes,,,2018,2.04733E+11,252.439,259.101,1.026390534,2.10136E+11,6.15,Monthly Treasury Statement,https://www.fiscal.treasury.gov/files/reports-statements/mts/mts0918.pdf,Bureau of Labor Statistics,https://data.bls.gov/cgi-bin/surveymost?bls
Corporation Income Taxes,Corporate Income Taxes,Corporation Income Taxes Refunds,Corporate Income Taxes Refunds,2018,-58434188303,252.439,259.101,1.026390534,-59976297733,-28.54,Monthly Treasury Statement,https://www.fiscal.treasury.gov/files/reports-statements/mts/mts0918.pdf,Bureau of Labor Statistics,https://data.bls.gov/cgi-bin/surveymost?bls
Corporation Income Taxes,Corporate Income Taxes,Corporation Income Taxes,Corporate Income Taxes,2018,2.63167E+11,252.439,259.101,1.026390534,2.70113E+11,128.54,Monthly Treasury Statement,https://www.fiscal.treasury.gov/files/reports-statements/mts/mts0918.pdf,Bureau of Labor Statistics,https://data.bls.gov/cgi-bin/surveymost?bls
Employment and General Retirement,Social Security and Medicare Taxes,,,2018,1.11541E+12,252.439,259.101,1.026390534,1.14484E+12,33.51,Monthly Treasury Statement,https://www.fiscal.treasury.gov/files/reports-statements/mts/mts0918.pdf,Bureau of Labor Statistics,https://data.bls.gov/cgi-bin/surveymost?bls
Employment and General Retirement,Social Security and Medicare Taxes,Federal Old-Age and Survivors Insurance Trust Fund,Social Security - Old-Age and Survivors Insurance Trust Fund Taxes,2018,6.93831E+11,252.439,259.101,1.026390534,7.12142E+11,62.2,Monthly Treasury Statement,https://www.fiscal.treasury.gov/files/reports-statements/mts/mts0918.pdf,Bureau of Labor Statistics,https://data.bls.gov/cgi-bin/surveymost?bls
Employment and General Retirement,Social Security and Medicare Taxes,Federal Old-Age and Survivors Insurance Trust Fund Refunds,Social Security - Old-Age and Survivors Insurance Trust Fund Taxes Refunds,2018,-2615773850,252.439,259.101,1.026390534,-2684805519,-0.23,Monthly Treasury Statement,https://www.fiscal.treasury.gov/files/reports-statements/mts/mts0918.pdf,Bureau of Labor Statistics,https://data.bls.gov/cgi-bin/surveymost?bls
Employment and General Retirement,Social Security and Medicare Taxes,Federal Disability Insurance Trust Fund,Social Security - Disability Insurance Trust Fund Taxes,2018,1.6415E+11,252.439,259.101,1.026390534,1.68482E+11,14.72,Monthly Treasury Statement,https://www.fiscal.treasury.gov/files/reports-statements/mts/mts0918.pdf,Bureau of Labor Statistics,https://data.bls.gov/cgi-bin/surveymost?bls
Employment and General Retirement,Social Security and Medicare Taxes,Federal Disability Insurance Trust Fund Refunds,Social Security - Disability Insurance Trust Fund Taxes Refunds,2018,-618084150,252.439,259.101,1.026390534,-634395721,-0.06,Monthly Treasury Statement,https://www.fiscal.treasury.gov/files/reports-statements/mts/mts0918.pdf,Bureau of Labor Statistics,https://data.bls.gov/cgi-bin/surveymost?bls
Employment and General Retirement,Social Security and Medicare Taxes,Federal Hospital Insurance Trust Fund,Medicare Part A Taxes,2018,2.60659E+11,252.439,259.101,1.026390534,2.67538E+11,23.37,Monthly Treasury Statement,https://www.fiscal.treasury.gov/files/reports-statements/mts/mts0918.pdf,Bureau of Labor Statistics,https://data.bls.gov/cgi-bin/surveymost?bls
Employment and General Retirement,Other Retirement,Railroad Retirement,Railroad Retirement,2018,5753160813,252.439,259.101,1.026390534,5904989799,56.12,Monthly Treasury Statement,https://www.fiscal.treasury.gov/files/reports-statements/mts/mts0918.pdf,Bureau of Labor Statistics,https://data.bls.gov/cgi-bin/surveymost?bls
Employment and General Retirement,Other Retirement,Railroad Retirement Refunds,Railroad Retirement Refunds,2018,-4143919,252.439,259.101,1.026390534,-4253279,-0.04,Monthly Treasury Statement,https://www.fiscal.treasury.gov/files/reports-statements/mts/mts0918.pdf,Bureau of Labor Statistics,https://data.bls.gov/cgi-bin/surveymost?bls
Unemployment Insurance,Unemployment Insurance,,,2018,45041614845,252.439,259.101,1.026390534,46230287111,1.35,Monthly Treasury Statement,https://www.fiscal.treasury.gov/files/reports-statements/mts/mts0918.pdf,Bureau of Labor Statistics,https://data.bls.gov/cgi-bin/surveymost?bls
Unemployment Insurance,Unemployment Insurance,Deposits by States,Deposits by States,2018,36221878723,252.439,259.101,1.026390534,37177793443,80.42,Monthly Treasury Statement,https://www.fiscal.treasury.gov/files/reports-statements/mts/mts0918.pdf,Bureau of Labor Statistics,https://data.bls.gov/cgi-bin/surveymost?bls
Unemployment Insurance,Unemployment Insurance,Federal Unemployment Taxes,Federal Unemployment Taxes,2018,8806552587,252.439,259.101,1.026390534,9038962212,19.55,Monthly Treasury Statement,https://www.fiscal.treasury.gov/files/reports-statements/mts/mts0918.pdf,Bureau of Labor Statistics,https://data.bls.gov/cgi-bin/surveymost?bls
Unemployment Insurance,Unemployment Insurance,Federal Unemployment Taxes Refunds,Federal Unemployment Taxes Refunds,2018,-120631589,252.439,259.101,1.026390534,-123815121,-0.27,Monthly Treasury Statement,https://www.fiscal.treasury.gov/files/reports-statements/mts/mts0918.pdf,Bureau of Labor Statistics,https://data.bls.gov/cgi-bin/surveymost?bls
Unemployment Insurance,Unemployment Insurance,Railroad Unemployment Taxes,Railroad Unemployment Taxes,2018,133815123,252.439,259.101,1.026390534,137346576,0.3,Monthly Treasury Statement,https://www.fiscal.treasury.gov/files/reports-statements/mts/mts0918.pdf,Bureau of Labor Statistics,https://data.bls.gov/cgi-bin/surveymost?bls
Other Retirement,Other Retirement,,,2018,10251841223,252.439,259.101,1.026390534,10522392787,0.31,Monthly Treasury Statement,https://www.fiscal.treasury.gov/files/reports-statements/mts/mts0918.pdf,Bureau of Labor Statistics,https://data.bls.gov/cgi-bin/surveymost?bls
Other Retirement,Other Retirement,Federal Employees' Retirement - Employee Share,Federal Government Pension: FERS,2018,4471710154,252.439,259.101,1.026390534,4589720973,43.62,Monthly Treasury Statement,https://www.fiscal.treasury.gov/files/reports-statements/mts/mts0918.pdf,Bureau of Labor Statistics,https://data.bls.gov/cgi-bin/surveymost?bls
Other Retirement,Other Retirement,Non-Federal Federal Employees' Retirement,Non-Federal Federal Employees' Retirement,2018,31114174,252.439,259.101,1.026390534,31935294,0.3,Monthly Treasury Statement,https://www.fiscal.treasury.gov/files/reports-statements/mts/mts0918.pdf,Bureau of Labor Statistics,https://data.bls.gov/cgi-bin/surveymost?bls
Excise Taxes,Excise Taxes,,,2018,94988171026,252.439,259.101,1.026390534,97494959578,2.85,Monthly Treasury Statement,https://www.fiscal.treasury.gov/files/reports-statements/mts/mts0918.pdf,Bureau of Labor Statistics,https://data.bls.gov/cgi-bin/surveymost?bls
Excise Taxes,Excise Taxes,Miscellaneous Excise Taxes,Miscellaneous Excise Taxes,2018,39649721544,252.439,259.101,1.026390534,40696098866,41.74,Monthly Treasury Statement,https://www.fiscal.treasury.gov/files/reports-statements/mts/mts0918.pdf,Bureau of Labor Statistics,https://data.bls.gov/cgi-bin/surveymost?bls
Excise Taxes,Excise Taxes,Miscellaneous Excise Taxes Refunds,Miscellaneous Excise Taxes Refunds,2018,-3115532253,252.439,259.101,1.026390534,-3197752813,-3.28,Monthly Treasury Statement,https://www.fiscal.treasury.gov/files/reports-statements/mts/mts0918.pdf,Bureau of Labor Statistics,https://data.bls.gov/cgi-bin/surveymost?bls
Excise Taxes,Excise Taxes,Airport and Airway Trust Fund,Airport and Airway Trust Fund,2018,15531904106,252.439,259.101,1.026390534,15941799349,16.35,Monthly Treasury Statement,https://www.fiscal.treasury.gov/files/reports-statements/mts/mts0918.pdf,Bureau of Labor Statistics,https://data.bls.gov/cgi-bin/surveymost?bls
Excise Taxes,Excise Taxes,Airport and Airway Trust Fund Refunds,Airport and Airway Trust Fund Refunds,2018,-15353485,252.439,259.101,1.026390534,-15758672,-0.02,Monthly Treasury Statement,https://www.fiscal.treasury.gov/files/reports-statements/mts/mts0918.pdf,Bureau of Labor Statistics,https://data.bls.gov/cgi-bin/surveymost?bls
Excise Taxes,Excise Taxes,Highway Trust Fund,Highway Trust Fund,2018,42979507984,252.439,259.101,1.026390534,44113760148,45.25,Monthly Treasury Statement,https://www.fiscal.treasury.gov/files/reports-statements/mts/mts0918.pdf,Bureau of Labor Statistics,https://data.bls.gov/cgi-bin/surveymost?bls
Excise Taxes,Excise Taxes,Highway Trust Fund Refunds,Highway Trust Fund Refunds,2018,-436754000,252.439,259.101,1.026390534,-448280171,-0.46,Monthly Treasury Statement,https://www.fiscal.treasury.gov/files/reports-statements/mts/mts0918.pdf,Bureau of Labor Statistics,https://data.bls.gov/cgi-bin/surveymost?bls
Excise Taxes,Excise Taxes,Black Lung Disability Trust Fund,Black Lung Disability Trust Fund,2018,394677130,252.439,259.101,1.026390534,405092870,0.42,Monthly Treasury Statement,https://www.fiscal.treasury.gov/files/reports-statements/mts/mts0918.pdf,Bureau of Labor Statistics,https://data.bls.gov/cgi-bin/surveymost?bls
Estate and Gift Taxes,Estate and Gift Taxes,,,2018,22983076198,252.439,259.101,1.026390534,23589611851,0.69,Monthly Treasury Statement,https://www.fiscal.treasury.gov/files/reports-statements/mts/mts0918.pdf,Bureau of Labor Statistics,https://data.bls.gov/cgi-bin/surveymost?bls
Estate and Gift Taxes,Estate and Gift Taxes,Estate and Gift Taxes Refunds,Estate and Gift Taxes Refunds,2018,-882592721,252.439,259.101,1.026390534,-905884814,-3.84,Monthly Treasury Statement,https://www.fiscal.treasury.gov/files/reports-statements/mts/mts0918.pdf,Bureau of Labor Statistics,https://data.bls.gov/cgi-bin/surveymost?bls
Estate and Gift Taxes,Estate and Gift Taxes,Estate and Gift Taxes,Estate and Gift Taxes,2018,23865668919,252.439,259.101,1.026390534,24495496665,103.84,Monthly Treasury Statement,https://www.fiscal.treasury.gov/files/reports-statements/mts/mts0918.pdf,Bureau of Labor Statistics,https://data.bls.gov/cgi-bin/surveymost?bls
Customs Duties,Customs Duties,,,2018,41298963822,252.439,259.101,1.026390534,42388865529,1.24,Monthly Treasury Statement,https://www.fiscal.treasury.gov/files/reports-statements/mts/mts0918.pdf,Bureau of Labor Statistics,https://data.bls.gov/cgi-bin/surveymost?bls
Customs Duties,Customs Duties,Customs Duties Refunds,Customs Duties Refunds,2018,-1797302387,252.439,259.101,1.026390534,-1844734157,-4.35,Monthly Treasury Statement,https://www.fiscal.treasury.gov/files/reports-statements/mts/mts0918.pdf,Bureau of Labor Statistics,https://data.bls.gov/cgi-bin/surveymost?bls
Customs Duties,Customs Duties,Customs Duties,Customs Duties,2018,43096266209,252.439,259.101,1.026390534,44233599685,104.35,Monthly Treasury Statement,https://www.fiscal.treasury.gov/files/reports-statements/mts/mts0918.pdf,Bureau of Labor Statistics,https://data.bls.gov/cgi-bin/surveymost?bls
Miscellaneous Receipts,Miscellaneous Revenue,,,2018,1.10505E+11,252.439,259.101,1.026390534,1.13421E+11,3.32,Monthly Treasury Statement,https://www.fiscal.treasury.gov/files/reports-statements/mts/mts0918.pdf,Bureau of Labor Statistics,https://data.bls.gov/cgi-bin/surveymost?bls
Miscellaneous Receipts,Miscellaneous Revenue,Miscellaneous Receipts Refunds,Miscellaneous Receipts Refunds,2018,-25693572,252.439,259.101,1.026390534,-26371639,-0.02,Monthly Treasury Statement,https://www.fiscal.treasury.gov/files/reports-statements/mts/mts0918.pdf,Bureau of Labor Statistics,https://data.bls.gov/cgi-bin/surveymost?bls
Miscellaneous Receipts,Miscellaneous Revenue,"Deposit of Earnings, Federal Reserve System",Federal Reserve Deposit of Earnings,2018,70749918053,252.439,259.101,1.026390534,72617046167,64.02,Monthly Treasury Statement,https://www.fiscal.treasury.gov/files/reports-statements/mts/mts0918.pdf,Bureau of Labor Statistics,https://data.bls.gov/cgi-bin/surveymost?bls
Miscellaneous Receipts,Miscellaneous Revenue,Universal Service Fund,Universal Service Fund,2018,9396053384,252.439,259.101,1.026390534,9644020250,8.5,Monthly Treasury Statement,https://www.fiscal.treasury.gov/files/reports-statements/mts/mts0918.pdf,Bureau of Labor Statistics,https://data.bls.gov/cgi-bin/surveymost?bls
Miscellaneous Receipts,Miscellaneous Revenue,Other Miscellaneous Receipts,Other Miscellaneous Revenue,2018,30384823204,252.439,259.101,1.026390534,31186694912,27.5,Monthly Treasury Statement,https://www.fiscal.treasury.gov/files/reports-statements/mts/mts0918.pdf,Bureau of Labor Statistics,https://data.bls.gov/cgi-bin/surveymost?bls
Individual Income Taxes,Individual Income Taxes,,,2019,1.71786E+12,256.759,259.101,1.009121394,1.73353E+12,49.62,Monthly Treasury Statement,https://www.fiscal.treasury.gov/files/reports-statements/mts/mts0919.pdf,Bureau of Labor Statistics,https://data.bls.gov/cgi-bin/surveymost?bls
Individual Income Taxes,Individual Income Taxes,Individual Income Taxes Refunds,Individual Income Taxes Refunds,2019,-2.44758E+11,256.759,259.101,1.009121394,-2.4699E+11,-14.25,Monthly Treasury Statement,https://www.fiscal.treasury.gov/files/reports-statements/mts/mts0919.pdf,Bureau of Labor Statistics,https://data.bls.gov/cgi-bin/surveymost?bls
Individual Income Taxes,Individual Income Taxes,Individual Income Taxes Withheld,Individual Income Taxes Withheld,2019,1.32827E+12,256.759,259.101,1.009121394,1.34039E+12,77.32,Monthly Treasury Statement,https://www.fiscal.treasury.gov/files/reports-statements/mts/mts0919.pdf,Bureau of Labor Statistics,https://data.bls.gov/cgi-bin/surveymost?bls
Individual Income Taxes,Individual Income Taxes,Presidential Election Campaign Fund,Presidential Election Campaign Fund,2019,25183178,256.759,259.101,1.009121394,25412884,0,Monthly Treasury Statement,https://www.fiscal.treasury.gov/files/reports-statements/mts/mts0919.pdf,Bureau of Labor Statistics,https://data.bls.gov/cgi-bin/surveymost?bls
Individual Income Taxes,Individual Income Taxes,Other Individual Income Taxes,Other Individual Income Taxes,2019,6.34318E+11,256.759,259.101,1.009121394,6.40103E+11,36.92,Monthly Treasury Statement,https://www.fiscal.treasury.gov/files/reports-statements/mts/mts0919.pdf,Bureau of Labor Statistics,https://data.bls.gov/cgi-bin/surveymost?bls
Corporation Income Taxes,Corporate Income Taxes,,,2019,2.30245E+11,256.759,259.101,1.009121394,2.32345E+11,6.65,Monthly Treasury Statement,https://www.fiscal.treasury.gov/files/reports-statements/mts/mts0919.pdf,Bureau of Labor Statistics,https://data.bls.gov/cgi-bin/surveymost?bls
Corporation Income Taxes,Corporate Income Taxes,Corporation Income Taxes Refunds,Corporate Income Taxes Refunds,2019,-47171358443,256.759,259.101,1.009121394,-47601626988,-20.49,Monthly Treasury Statement,https://www.fiscal.treasury.gov/files/reports-statements/mts/mts0919.pdf,Bureau of Labor Statistics,https://data.bls.gov/cgi-bin/surveymost?bls
Corporation Income Taxes,Corporate Income Taxes,Corporation Income Taxes,Corporate Income Taxes,2019,2.77416E+11,256.759,259.101,1.009121394,2.79947E+11,120.49,Monthly Treasury Statement,https://www.fiscal.treasury.gov/files/reports-statements/mts/mts0919.pdf,Bureau of Labor Statistics,https://data.bls.gov/cgi-bin/surveymost?bls
Employment and General Retirement,Social Security and Medicare Taxes,,,2019,1.19187E+12,256.759,259.101,1.009121394,1.20275E+12,34.43,Monthly Treasury Statement,https://www.fiscal.treasury.gov/files/reports-statements/mts/mts0919.pdf,Bureau of Labor Statistics,https://data.bls.gov/cgi-bin/surveymost?bls
Employment and General Retirement,Social Security and Medicare Taxes,Federal Old-Age and Survivors Insurance Trust Fund,Social Security - Old-Age and Survivors Insurance Trust Fund Taxes,2019,7.7322E+11,256.759,259.101,1.009121394,7.80273E+11,64.87,Monthly Treasury Statement,https://www.fiscal.treasury.gov/files/reports-statements/mts/mts0919.pdf,Bureau of Labor Statistics,https://data.bls.gov/cgi-bin/surveymost?bls
Employment and General Retirement,Social Security and Medicare Taxes,Federal Old-Age and Survivors Insurance Trust Fund Refunds,Social Security - Old-Age and Survivors Insurance Trust Fund Taxes Refunds,2019,-2937787000,256.759,259.101,1.009121394,-2964583713,-0.25,Monthly Treasury Statement,https://www.fiscal.treasury.gov/files/reports-statements/mts/mts0919.pdf,Bureau of Labor Statistics,https://data.bls.gov/cgi-bin/surveymost?bls
Employment and General Retirement,Social Security and Medicare Taxes,Federal Disability Insurance Trust Fund,Social Security - Disability Insurance Trust Fund Taxes,2019,1.44714E+11,256.759,259.101,1.009121394,1.46034E+11,12.14,Monthly Treasury Statement,https://www.fiscal.treasury.gov/files/reports-statements/mts/mts0919.pdf,Bureau of Labor Statistics,https://data.bls.gov/cgi-bin/surveymost?bls
Employment and General Retirement,Social Security and Medicare Taxes,Federal Disability Insurance Trust Fund Refunds,Social Security - Disability Insurance Trust Fund Taxes Refunds,2019,-694173000,256.759,259.101,1.009121394,-700504825,-0.06,Monthly Treasury Statement,https://www.fiscal.treasury.gov/files/reports-statements/mts/mts0919.pdf,Bureau of Labor Statistics,https://data.bls.gov/cgi-bin/surveymost?bls
Employment and General Retirement,Social Security and Medicare Taxes,Federal Hospital Insurance Trust Fund,Medicare Part A Taxes,2019,2.77572E+11,256.759,259.101,1.009121394,2.80104E+11,23.29,Monthly Treasury Statement,https://www.fiscal.treasury.gov/files/reports-statements/mts/mts0919.pdf,Bureau of Labor Statistics,https://data.bls.gov/cgi-bin/surveymost?bls
Employment and General Retirement,Other Retirement,Railroad Retirement,Railroad Retirement,2019,5609755236,256.759,259.101,1.009121394,5660924024,54.58,Monthly Treasury Statement,https://www.fiscal.treasury.gov/files/reports-statements/mts/mts0919.pdf,Bureau of Labor Statistics,https://data.bls.gov/cgi-bin/surveymost?bls
Employment and General Retirement,Other Retirement,Railroad Retirement Refunds,Railroad Retirement Refunds,2019,-90215596,256.759,259.101,1.009121394,-91038488,-0.88,Monthly Treasury Statement,https://www.fiscal.treasury.gov/files/reports-statements/mts/mts0919.pdf,Bureau of Labor Statistics,https://data.bls.gov/cgi-bin/surveymost?bls
Unemployment Insurance,Unemployment Insurance,,,2019,40933978371,256.759,259.101,1.009121394,41307353316,1.18,Monthly Treasury Statement,https://www.fiscal.treasury.gov/files/reports-statements/mts/mts0919.pdf,Bureau of Labor Statistics,https://data.bls.gov/cgi-bin/surveymost?bls
Unemployment Insurance,Unemployment Insurance,Deposits by States,Deposits by States,2019,34624301486,256.759,259.101,1.009121394,34940123382,84.59,Monthly Treasury Statement,https://www.fiscal.treasury.gov/files/reports-statements/mts/mts0919.pdf,Bureau of Labor Statistics,https://data.bls.gov/cgi-bin/surveymost?bls
Unemployment Insurance,Unemployment Insurance,Federal Unemployment Taxes,Federal Unemployment Taxes,2019,6437694216,256.759,259.101,1.009121394,6496414961,15.73,Monthly Treasury Statement,https://www.fiscal.treasury.gov/files/reports-statements/mts/mts0919.pdf,Bureau of Labor Statistics,https://data.bls.gov/cgi-bin/surveymost?bls
Unemployment Insurance,Unemployment Insurance,Federal Unemployment Taxes Refunds,Federal Unemployment Taxes Refunds,2019,-259460476,256.759,259.101,1.009121394,-261827117,-0.63,Monthly Treasury Statement,https://www.fiscal.treasury.gov/files/reports-statements/mts/mts0919.pdf,Bureau of Labor Statistics,https://data.bls.gov/cgi-bin/surveymost?bls
Unemployment Insurance,Unemployment Insurance,Railroad Unemployment Taxes,Railroad Unemployment Taxes,2019,131443145,256.759,259.101,1.009121394,132642090,0.32,Monthly Treasury Statement,https://www.fiscal.treasury.gov/files/reports-statements/mts/mts0919.pdf,Bureau of Labor Statistics,https://data.bls.gov/cgi-bin/surveymost?bls
Other Retirement,Other Retirement,,,2019,10278463382,256.759,259.101,1.009121394,10372217296,0.3,Monthly Treasury Statement,https://www.fiscal.treasury.gov/files/reports-statements/mts/mts0919.pdf,Bureau of Labor Statistics,https://data.bls.gov/cgi-bin/surveymost?bls
Other Retirement,Other Retirement,Federal Employees' Retirement - Employee Share,Federal Government Pension: FERS,2019,4730219000,256.759,259.101,1.009121394,4773365191,46.02,Monthly Treasury Statement,https://www.fiscal.treasury.gov/files/reports-statements/mts/mts0919.pdf,Bureau of Labor Statistics,https://data.bls.gov/cgi-bin/surveymost?bls
Other Retirement,Other Retirement,Non-Federal Federal Employees' Retirement,Non-Federal Federal Employees' Retirement,2019,28704742,256.759,259.101,1.009121394,28966569,0.28,Monthly Treasury Statement,https://www.fiscal.treasury.gov/files/reports-statements/mts/mts0919.pdf,Bureau of Labor Statistics,https://data.bls.gov/cgi-bin/surveymost?bls
Excise Taxes,Excise Taxes,,,2019,98914554368,256.759,259.101,1.009121394,99816792990,2.86,Monthly Treasury Statement,https://www.fiscal.treasury.gov/files/reports-statements/mts/mts0919.pdf,Bureau of Labor Statistics,https://data.bls.gov/cgi-bin/surveymost?bls
Excise Taxes,Excise Taxes,Miscellaneous Excise Taxes,Miscellaneous Excise Taxes,2019,44773106990,256.759,259.101,1.009121394,45181500139,45.26,Monthly Treasury Statement,https://www.fiscal.treasury.gov/files/reports-statements/mts/mts0919.pdf,Bureau of Labor Statistics,https://data.bls.gov/cgi-bin/surveymost?bls
Excise Taxes,Excise Taxes,Miscellaneous Excise Taxes Refunds,Miscellaneous Excise Taxes Refunds,2019,-5628912884,256.759,259.101,1.009121394,-5680256416,-5.69,Monthly Treasury Statement,https://www.fiscal.treasury.gov/files/reports-statements/mts/mts0919.pdf,Bureau of Labor Statistics,https://data.bls.gov/cgi-bin/surveymost?bls
Excise Taxes,Excise Taxes,Airport and Airway Trust Fund,Airport and Airway Trust Fund,2019,15825253472,256.759,259.101,1.009121394,15969601844,16,Monthly Treasury Statement,https://www.fiscal.treasury.gov/files/reports-statements/mts/mts0919.pdf,Bureau of Labor Statistics,https://data.bls.gov/cgi-bin/surveymost?bls
Excise Taxes,Excise Taxes,Airport and Airway Trust Fund Refunds,Airport and Airway Trust Fund Refunds,2019,-14272019,256.759,259.101,1.009121394,-14402200,-0.01,Monthly Treasury Statement,https://www.fiscal.treasury.gov/files/reports-statements/mts/mts0919.pdf,Bureau of Labor Statistics,https://data.bls.gov/cgi-bin/surveymost?bls
Excise Taxes,Excise Taxes,Highway Trust Fund,Highway Trust Fund,2019,44185747061,256.759,259.101,1.009121394,44588782669,44.67,Monthly Treasury Statement,https://www.fiscal.treasury.gov/files/reports-statements/mts/mts0919.pdf,Bureau of Labor Statistics,https://data.bls.gov/cgi-bin/surveymost?bls
Excise Taxes,Excise Taxes,Highway Trust Fund Refunds,Highway Trust Fund Refunds,2019,-439754000,256.759,259.101,1.009121394,-443765169,-0.44,Monthly Treasury Statement,https://www.fiscal.treasury.gov/files/reports-statements/mts/mts0919.pdf,Bureau of Labor Statistics,https://data.bls.gov/cgi-bin/surveymost?bls
Excise Taxes,Excise Taxes,Black Lung Disability Trust Fund,Black Lung Disability Trust Fund,2019,213385748,256.759,259.101,1.009121394,215332123,0.22,Monthly Treasury Statement,https://www.fiscal.treasury.gov/files/reports-statements/mts/mts0919.pdf,Bureau of Labor Statistics,https://data.bls.gov/cgi-bin/surveymost?bls
Estate and Gift Taxes,Estate and Gift Taxes,,,2019,16671532322,256.759,259.101,1.009121394,16823599937,0.48,Monthly Treasury Statement,https://www.fiscal.treasury.gov/files/reports-statements/mts/mts0919.pdf,Bureau of Labor Statistics,https://data.bls.gov/cgi-bin/surveymost?bls
Estate and Gift Taxes,Estate and Gift Taxes,Estate and Gift Taxes Refunds,Estate and Gift Taxes Refunds,2019,-893511190,256.759,259.101,1.009121394,-901661258,-5.36,Monthly Treasury Statement,https://www.fiscal.treasury.gov/files/reports-statements/mts/mts0919.pdf,Bureau of Labor Statistics,https://data.bls.gov/cgi-bin/surveymost?bls
Estate and Gift Taxes,Estate and Gift Taxes,Estate and Gift Taxes,Estate and Gift Taxes,2019,17565043512,256.759,259.101,1.009121394,17725261195,105.36,Monthly Treasury Statement,https://www.fiscal.treasury.gov/files/reports-statements/mts/mts0919.pdf,Bureau of Labor Statistics,https://data.bls.gov/cgi-bin/surveymost?bls
Customs Duties,Customs Duties,,,2019,70783723012,256.759,259.101,1.009121394,71429369238,2.04,Monthly Treasury Statement,https://www.fiscal.treasury.gov/files/reports-statements/mts/mts0919.pdf,Bureau of Labor Statistics,https://data.bls.gov/cgi-bin/surveymost?bls
Customs Duties,Customs Duties,Customs Duties Refunds,Customs Duties Refunds,2019,-2677046429,256.759,259.101,1.009121394,-2701464824,-3.78,Monthly Treasury Statement,https://www.fiscal.treasury.gov/files/reports-statements/mts/mts0919.pdf,Bureau of Labor Statistics,https://data.bls.gov/cgi-bin/surveymost?bls
Customs Duties,Customs Duties,Customs Duties,Customs Duties,2019,73460769441,256.759,259.101,1.009121394,74130834062,103.78,Monthly Treasury Statement,https://www.fiscal.treasury.gov/files/reports-statements/mts/mts0919.pdf,Bureau of Labor Statistics,https://data.bls.gov/cgi-bin/surveymost?bls
Miscellaneous Receipts,Miscellaneous Revenue,,,2019,84636700924,256.759,259.101,1.009121394,85408705620,2.44,Monthly Treasury Statement,https://www.fiscal.treasury.gov/files/reports-statements/mts/mts0919.pdf,Bureau of Labor Statistics,https://data.bls.gov/cgi-bin/surveymost?bls
Miscellaneous Receipts,Miscellaneous Revenue,Miscellaneous Receipts Refunds,Miscellaneous Receipts Refunds,2019,-34756177,256.759,259.101,1.009121394,-35073201,-0.04,Monthly Treasury Statement,https://www.fiscal.treasury.gov/files/reports-statements/mts/mts0919.pdf,Bureau of Labor Statistics,https://data.bls.gov/cgi-bin/surveymost?bls
Miscellaneous Receipts,Miscellaneous Revenue,"Deposit of Earnings, Federal Reserve System",Federal Reserve Deposit of Earnings,2019,52793314499,256.759,259.101,1.009121394,53274863120,62.38,Monthly Treasury Statement,https://www.fiscal.treasury.gov/files/reports-statements/mts/mts0919.pdf,Bureau of Labor Statistics,https://data.bls.gov/cgi-bin/surveymost?bls
Miscellaneous Receipts,Miscellaneous Revenue,Universal Service Fund,Universal Service Fund,2019,9729891883,256.759,259.101,1.009121394,9818642060,11.5,Monthly Treasury Statement,https://www.fiscal.treasury.gov/files/reports-statements/mts/mts0919.pdf,Bureau of Labor Statistics,https://data.bls.gov/cgi-bin/surveymost?bls
Miscellaneous Receipts,Miscellaneous Revenue,Other Miscellaneous Receipts,Other Miscellaneous Revenue,2019,22148250720,256.759,259.101,1.009121394,22350273641,26.17,Monthly Treasury Statement,https://www.fiscal.treasury.gov/files/reports-statements/mts/mts0919.pdf,Bureau of Labor Statistics,https://data.bls.gov/cgi-bin/surveymost?bls
Individual Income Taxes,Individual Income Taxes,,,2020,1.62924E+12,259.101,259.101,1,1.62924E+12,48.08,Monthly Treasury Statement,https://www.fiscal.treasury.gov/files/reports-statements/mts/mts0920.pdf,Bureau of Labor Statistics,https://data.bls.gov/cgi-bin/surveymost?bls
Individual Income Taxes,Individual Income Taxes,Individual Income Taxes Refunds,Individual Income Taxes Refunds,2020,-2.69449E+11,259.101,259.101,1,-2.69449E+11,-16.54,Monthly Treasury Statement,https://www.fiscal.treasury.gov/files/reports-statements/mts/mts0920.pdf,Bureau of Labor Statistics,https://data.bls.gov/cgi-bin/surveymost?bls
Individual Income Taxes,Individual Income Taxes,Individual Income Taxes Withheld,Individual Income Taxes Withheld,2020,1.29087E+12,259.101,259.101,1,1.29087E+12,79.23,Monthly Treasury Statement,https://www.fiscal.treasury.gov/files/reports-statements/mts/mts0920.pdf,Bureau of Labor Statistics,https://data.bls.gov/cgi-bin/surveymost?bls
Individual Income Taxes,Individual Income Taxes,Presidential Election Campaign Fund,Presidential Election Campaign Fund,2020,27082893.6,259.101,259.101,1,27082893.6,0,Monthly Treasury Statement,https://www.fiscal.treasury.gov/files/reports-statements/mts/mts0920.pdf,Bureau of Labor Statistics,https://data.bls.gov/cgi-bin/surveymost?bls
Individual Income Taxes,Individual Income Taxes,Other Individual Income Taxes,Other Individual Income Taxes,2020,6.07796E+11,259.101,259.101,1,6.07796E+11,37.31,Monthly Treasury Statement,https://www.fiscal.treasury.gov/files/reports-statements/mts/mts0920.pdf,Bureau of Labor Statistics,https://data.bls.gov/cgi-bin/surveymost?bls
Corporation Income Taxes,Corporate Income Taxes,,,2020,1.92116E+11,259.101,259.101,1,1.92116E+11,5.67,Monthly Treasury Statement,https://www.fiscal.treasury.gov/files/reports-statements/mts/mts0920.pdf,Bureau of Labor Statistics,https://data.bls.gov/cgi-bin/surveymost?bls
Corporation Income Taxes,Corporate Income Taxes,Corporation Income Taxes Refunds,Corporate Income Taxes Refunds,2020,-49930365346,259.101,259.101,1,-49930365346,-25.99,Monthly Treasury Statement,https://www.fiscal.treasury.gov/files/reports-statements/mts/mts0920.pdf,Bureau of Labor Statistics,https://data.bls.gov/cgi-bin/surveymost?bls
Corporation Income Taxes,Corporate Income Taxes,Corporation Income Taxes,Corporate Income Taxes,2020,2.42047E+11,259.101,259.101,1,2.42047E+11,125.99,Monthly Treasury Statement,https://www.fiscal.treasury.gov/files/reports-statements/mts/mts0920.pdf,Bureau of Labor Statistics,https://data.bls.gov/cgi-bin/surveymost?bls
Employment and General Retirement,Social Security and Medicare Taxes,,,2020,1.25845E+12,259.101,259.101,1,1.25845E+12,37.14,Monthly Treasury Statement,https://www.fiscal.treasury.gov/files/reports-statements/mts/mts0920.pdf,Bureau of Labor Statistics,https://data.bls.gov/cgi-bin/surveymost?bls
Employment and General Retirement,Social Security and Medicare Taxes,Federal Old-Age and Survivors Insurance Trust Fund,Social Security - Old-Age and Survivors Insurance Trust Fund Taxes,2020,8.26069E+11,259.101,259.101,1,8.26069E+11,65.64,Monthly Treasury Statement,https://www.fiscal.treasury.gov/files/reports-statements/mts/mts0920.pdf,Bureau of Labor Statistics,https://data.bls.gov/cgi-bin/surveymost?bls
Employment and General Retirement,Social Security and Medicare Taxes,Federal Old-Age and Survivors Insurance Trust Fund Refunds,Social Security - Old-Age and Survivors Insurance Trust Fund Taxes Refunds,2020,0,259.101,259.101,1,0,0,Monthly Treasury Statement,https://www.fiscal.treasury.gov/files/reports-statements/mts/mts0920.pdf,Bureau of Labor Statistics,https://data.bls.gov/cgi-bin/surveymost?bls
Employment and General Retirement,Social Security and Medicare Taxes,Federal Disability Insurance Trust Fund,Social Security - Disability Insurance Trust Fund Taxes,2020,1.40243E+11,259.101,259.101,1,1.40243E+11,11.14,Monthly Treasury Statement,https://www.fiscal.treasury.gov/files/reports-statements/mts/mts0920.pdf,Bureau of Labor Statistics,https://data.bls.gov/cgi-bin/surveymost?bls
Employment and General Retirement,Social Security and Medicare Taxes,Federal Disability Insurance Trust Fund Refunds,Social Security - Disability Insurance Trust Fund Taxes Refunds,2020,0,259.101,259.101,1,0,0,Monthly Treasury Statement,https://www.fiscal.treasury.gov/files/reports-statements/mts/mts0920.pdf,Bureau of Labor Statistics,https://data.bls.gov/cgi-bin/surveymost?bls
Employment and General Retirement,Social Security and Medicare Taxes,Federal Hospital Insurance Trust Fund,Medicare Part A Taxes,2020,2.92133E+11,259.101,259.101,1,2.92133E+11,23.21,Monthly Treasury Statement,https://www.fiscal.treasury.gov/files/reports-statements/mts/mts0920.pdf,Bureau of Labor Statistics,https://data.bls.gov/cgi-bin/surveymost?bls
Employment and General Retirement,Other Retirement,Railroad Retirement,Railroad Retirement,2020,4860352058,259.101,259.101,1,4860352058,48.97,Monthly Treasury Statement,https://www.fiscal.treasury.gov/files/reports-statements/mts/mts0920.pdf,Bureau of Labor Statistics,https://data.bls.gov/cgi-bin/surveymost?bls
Employment and General Retirement,Other Retirement,Railroad Retirement Refunds,Railroad Retirement Refunds,2020,-171720897.6,259.101,259.101,1,-171720897.6,-1.73,Monthly Treasury Statement,https://www.fiscal.treasury.gov/files/reports-statements/mts/mts0920.pdf,Bureau of Labor Statistics,https://data.bls.gov/cgi-bin/surveymost?bls
Unemployment Insurance,Unemployment Insurance,,,2020,44998918411,259.101,259.101,1,44998918411,1.33,Monthly Treasury Statement,https://www.fiscal.treasury.gov/files/reports-statements/mts/mts0920.pdf,Bureau of Labor Statistics,https://data.bls.gov/cgi-bin/surveymost?bls
Unemployment Insurance,Unemployment Insurance,Deposits by States,Deposits by States,2020,37576761503,259.101,259.101,1,37576761503,83.51,Monthly Treasury Statement,https://www.fiscal.treasury.gov/files/reports-statements/mts/mts0920.pdf,Bureau of Labor Statistics,https://data.bls.gov/cgi-bin/surveymost?bls
Unemployment Insurance,Unemployment Insurance,Federal Unemployment Taxes,Federal Unemployment Taxes,2020,7458484378,259.101,259.101,1,7458484378,16.57,Monthly Treasury Statement,https://www.fiscal.treasury.gov/files/reports-statements/mts/mts0920.pdf,Bureau of Labor Statistics,https://data.bls.gov/cgi-bin/surveymost?bls
Unemployment Insurance,Unemployment Insurance,Federal Unemployment Taxes Refunds,Federal Unemployment Taxes Refunds,2020,-132117722.4,259.101,259.101,1,-132117722.4,-0.29,Monthly Treasury Statement,https://www.fiscal.treasury.gov/files/reports-statements/mts/mts0920.pdf,Bureau of Labor Statistics,https://data.bls.gov/cgi-bin/surveymost?bls
Unemployment Insurance,Unemployment Insurance,Railroad Unemployment Taxes,Railroad Unemployment Taxes,2020,95790254.4,259.101,259.101,1,95790254.4,0.21,Monthly Treasury Statement,https://www.fiscal.treasury.gov/files/reports-statements/mts/mts0920.pdf,Bureau of Labor Statistics,https://data.bls.gov/cgi-bin/surveymost?bls
Other Retirement,Other Retirement,,,2020,9925917164,259.101,259.101,1,9925917164,0.29,Monthly Treasury Statement,https://www.fiscal.treasury.gov/files/reports-statements/mts/mts0920.pdf,Bureau of Labor Statistics,https://data.bls.gov/cgi-bin/surveymost?bls
Other Retirement,Other Retirement,Federal Employees' Retirement - Employee Share,Federal Government Pension: FERS,2020,5207993514,259.101,259.101,1,5207993514,52.47,Monthly Treasury Statement,https://www.fiscal.treasury.gov/files/reports-statements/mts/mts0920.pdf,Bureau of Labor Statistics,https://data.bls.gov/cgi-bin/surveymost?bls
Other Retirement,Other Retirement,Non-Federal Federal Employees' Retirement,Non-Federal Federal Employees' Retirement,2020,29292490.8,259.101,259.101,1,29292490.8,0.3,Monthly Treasury Statement,https://www.fiscal.treasury.gov/files/reports-statements/mts/mts0920.pdf,Bureau of Labor Statistics,https://data.bls.gov/cgi-bin/surveymost?bls
Excise Taxes,Excise Taxes,,,2020,63519021476,259.101,259.101,1,63519021476,1.87,Monthly Treasury Statement,https://www.fiscal.treasury.gov/files/reports-statements/mts/mts0920.pdf,Bureau of Labor Statistics,https://data.bls.gov/cgi-bin/surveymost?bls
Excise Taxes,Excise Taxes,Miscellaneous Excise Taxes,Miscellaneous Excise Taxes,2020,26364281713,259.101,259.101,1,26364281713,41.51,Monthly Treasury Statement,https://www.fiscal.treasury.gov/files/reports-statements/mts/mts0920.pdf,Bureau of Labor Statistics,https://data.bls.gov/cgi-bin/surveymost?bls
Excise Taxes,Excise Taxes,Miscellaneous Excise Taxes Refunds,Miscellaneous Excise Taxes Refunds,2020,-9569628023,259.101,259.101,1,-9569628023,-15.07,Monthly Treasury Statement,https://www.fiscal.treasury.gov/files/reports-statements/mts/mts0920.pdf,Bureau of Labor Statistics,https://data.bls.gov/cgi-bin/surveymost?bls
Excise Taxes,Excise Taxes,Airport and Airway Trust Fund,Airport and Airway Trust Fund,2020,10963962262,259.101,259.101,1,10963962262,17.26,Monthly Treasury Statement,https://www.fiscal.treasury.gov/files/reports-statements/mts/mts0920.pdf,Bureau of Labor Statistics,https://data.bls.gov/cgi-bin/surveymost?bls
Excise Taxes,Excise Taxes,Airport and Airway Trust Fund Refunds,Airport and Airway Trust Fund Refunds,2020,-18704714.4,259.101,259.101,1,-18704714.4,-0.03,Monthly Treasury Statement,https://www.fiscal.treasury.gov/files/reports-statements/mts/mts0920.pdf,Bureau of Labor Statistics,https://data.bls.gov/cgi-bin/surveymost?bls
Excise Taxes,Excise Taxes,Highway Trust Fund,Highway Trust Fund,2020,35954141071,259.101,259.101,1,35954141071,56.6,Monthly Treasury Statement,https://www.fiscal.treasury.gov/files/reports-statements/mts/mts0920.pdf,Bureau of Labor Statistics,https://data.bls.gov/cgi-bin/surveymost?bls
Excise Taxes,Excise Taxes,Highway Trust Fund Refunds,Highway Trust Fund Refunds,2020,-398673600,259.101,259.101,1,-398673600,-0.63,Monthly Treasury Statement,https://www.fiscal.treasury.gov/files/reports-statements/mts/mts0920.pdf,Bureau of Labor Statistics,https://data.bls.gov/cgi-bin/surveymost?bls
Excise Taxes,Excise Taxes,Black Lung Disability Trust Fund,Black Lung Disability Trust Fund,2020,223642767.6,259.101,259.101,1,223642767.6,0.35,Monthly Treasury Statement,https://www.fiscal.treasury.gov/files/reports-statements/mts/mts0920.pdf,Bureau of Labor Statistics,https://data.bls.gov/cgi-bin/surveymost?bls
Estate and Gift Taxes,Estate and Gift Taxes,,,2020,16846438510,259.101,259.101,1,16846438510,0.5,Monthly Treasury Statement,https://www.fiscal.treasury.gov/files/reports-statements/mts/mts0920.pdf,Bureau of Labor Statistics,https://data.bls.gov/cgi-bin/surveymost?bls
Estate and Gift Taxes,Estate and Gift Taxes,Estate and Gift Taxes Refunds,Estate and Gift Taxes Refunds,2020,-514813381.2,259.101,259.101,1,-514813381.2,-3.06,Monthly Treasury Statement,https://www.fiscal.treasury.gov/files/reports-statements/mts/mts0920.pdf,Bureau of Labor Statistics,https://data.bls.gov/cgi-bin/surveymost?bls
Estate and Gift Taxes,Estate and Gift Taxes,Estate and Gift Taxes,Estate and Gift Taxes,2020,17361251891,259.101,259.101,1,17361251891,103.06,Monthly Treasury Statement,https://www.fiscal.treasury.gov/files/reports-statements/mts/mts0920.pdf,Bureau of Labor Statistics,https://data.bls.gov/cgi-bin/surveymost?bls
Customs Duties,Customs Duties,,,2020,67925738989,259.101,259.101,1,67925738989,2,Monthly Treasury Statement,https://www.fiscal.treasury.gov/files/reports-statements/mts/mts0920.pdf,Bureau of Labor Statistics,https://data.bls.gov/cgi-bin/surveymost?bls
Customs Duties,Customs Duties,Customs Duties Refunds,Customs Duties Refunds,2020,-6689005642,259.101,259.101,1,-6689005642,-9.85,Monthly Treasury Statement,https://www.fiscal.treasury.gov/files/reports-statements/mts/mts0920.pdf,Bureau of Labor Statistics,https://data.bls.gov/cgi-bin/surveymost?bls
Customs Duties,Customs Duties,Customs Duties,Customs Duties,2020,74614744631,259.101,259.101,1,74614744631,109.85,Monthly Treasury Statement,https://www.fiscal.treasury.gov/files/reports-statements/mts/mts0920.pdf,Bureau of Labor Statistics,https://data.bls.gov/cgi-bin/surveymost?bls
Miscellaneous Receipts,Miscellaneous Revenue,,,2020,1.0526E+11,259.101,259.101,1,1.0526E+11,3.11,Monthly Treasury Statement,https://www.fiscal.treasury.gov/files/reports-statements/mts/mts0920.pdf,Bureau of Labor Statistics,https://data.bls.gov/cgi-bin/surveymost?bls
Miscellaneous Receipts,Miscellaneous Revenue,Miscellaneous Receipts Refunds,Miscellaneous Receipts Refunds,2020,-31521482.4,259.101,259.101,1,-31521482.4,-0.03,Monthly Treasury Statement,https://www.fiscal.treasury.gov/files/reports-statements/mts/mts0920.pdf,Bureau of Labor Statistics,https://data.bls.gov/cgi-bin/surveymost?bls
Miscellaneous Receipts,Miscellaneous Revenue,"Deposit of Earnings, Federal Reserve System",Federal Reserve Deposit of Earnings,2020,76093947420,259.101,259.101,1,76093947420,72.29,Monthly Treasury Statement,https://www.fiscal.treasury.gov/files/reports-statements/mts/mts0920.pdf,Bureau of Labor Statistics,https://data.bls.gov/cgi-bin/surveymost?bls
Miscellaneous Receipts,Miscellaneous Revenue,Universal Service Fund,Universal Service Fund,2020,8327974229,259.101,259.101,1,8327974229,7.91,Monthly Treasury Statement,https://www.fiscal.treasury.gov/files/reports-statements/mts/mts0920.pdf,Bureau of Labor Statistics,https://data.bls.gov/cgi-bin/surveymost?bls
Miscellaneous Receipts,Miscellaneous Revenue,Other Miscellaneous Receipts,Other Miscellaneous Revenue,2020,20869858153,259.101,259.101,1,20869858153,19.83,Monthly Treasury Statement,https://www.fiscal.treasury.gov/files/reports-statements/mts/mts0920.pdf,Bureau of Labor Statistics,https://data.bls.gov/cgi-bin/surveymost?bls
